name,eic_code,lat,lon
Ahvenkoski,,,
Aittaluoto 1,,,
Aittaluoto 2,,,
Aittokoski,,,
Alakoski,,,
Alholma AK 1,,63.704653,22.705767
Alholma AK 2,44W-T-YT-000000S,63.704653,22.705767
Anjalankoski,,60.709216,26.819436
"Anjalankoski, G1",,,
Askala,,,
Atro,,,
Billnäs,,,
Björkfors,,,
Energia-Tietola,,,
Finlayson ve,,,
Haapakoski,,,
Haapaniemi,,62.879021,27.67349
Haapavesi,44W-K-LV-000000Q,64.121944,25.413056
Haapavesi,,64.121944,25.413056
Hamari,,,
Haminan höyrykattilalaitos,,,
Hanasaari B,44W-T-YT-000001Q,60.182557,24.969299
Hanhikoski,,,
Harabacka,,,
Harjavalta,,61.337963,22.114236
Harjavalta,,,
Hattarfors,,,
Heinola,,,
Heinola vp,,,
Hietamankoski,,,
Hilmonkoski,,,
Hinkismäki,,,
Hinkua,,,
Hirvikoski,,,
"Hoikankangas, Kajaanin sähkölaitos",,,
Honkalahti,,,
Hovinsaari,,60.471093,26.915272
Huutokoski kt,44W-T-KT-000002G,62.211993,27.673672
Hämeenkyrö lä,,,
Hämeenkyrö ve,,,
Hämeenlinna,,60.97516,24.505535
Iisalmi,,,
Ikaalinen,,,
Ilomantsin pellettitehdas,,,
Imatra,44W-T-VV-000003Y,61.166797,28.774695
Imatran Energia,,,
Inkeroinen ve,,,
Inkoo,,,
Isohaara,,65.792903,24.544698
Jalasjoki/Niiles,,,
Joensuu,,,
Joensuu,,62.593684,29.837414
Joutseno,,61.130618,28.45412
Joutseno,,,
Jouttikallio,,,
Juankoski,,,
Jumisko,,,
Juntola,,,
Juotas,,,
Juva,,,
Jylhämä,,64.572306,26.781238
Jämsänkoski bv,,,
Järvelän vaneritehdas,,,
Kaaranneskoski,,,
Kaarni,,,
Kaihua,,,
Kaipola,,,
Kaitfors,,,
Kalajärvi,,,
Kallioinen,,,
Kaltimo,,,
Kankaanpää,,,
Kantvik,,,
Karjalankoski,,,
Karvetti,,,
Kaskinen lv ja vp,,,
Katerma,,,
Kattilakoski,,,
Kaukopää,,61.249624,28.861259
Kauttua,,,
Kavo,,64.232717,27.687006
Kellosaari,,60.161893,24.908344
Keltti,,,
Kelukoski,,,
Kemi,,65.755324,24.523489
Kerava,,,
Kierikki,,,
Kiimassuo,,,
Killinkoski,,,
Kiltua,,,
Kirakkaköngäs,,,
Kirkniemi,,60.190917,23.943651
Kissakoski,,,
Klåsarö,,,
Koivukoski,,,
Koivukoski 1 ja 2,,,
Koivukoski 3,,,
Kokkola,,,
Kokkola,,,
Kokkosniva,,,
Kolsi,,,
Koneharju kt,,,
Korkeakoski,,,
Koskensaari,,,
Koskenvarsi,,,
Kotka,,60.467787,26.95737
Kristiina 1,,,
Kristiina 2,,,
Kristiinankaupunki kt,,62.256194,21.329263
Kuhankoski,,,
Kuhmon Lämpö,,,
Kumpuniemi,,,
Kuokkastenkoski,,,
"Kuopio, Savon Sellu",,,
Kurittukoski,,,
Kurkiaska,,,
Kuurna,,,
Kuusaanniemi,44W-T-YT-000014H,60.908516,26.66484
Kuusamo,,,
Kuusankoski bv,,60.908516,26.66484
Kuusankoski ve,,,
Kymijärvi,44W-T-YT-000004K,60.992483,25.719201
Kyrkösjärvi,,,
Käenkoski,,,
Lappeenranta kombi,,61.065147,28.243317
Lappeenranta TG9,,61.065147,28.243317
Lapua,,,
Leppikoski,,,
Lestijärvi,,,
Leuhunkoski,,,
Lieksa Kevätniemi,,,
Lieksankoski,,,
Lielahti,44W-T-YT-000005I,61.510417,23.675233
Liunankoski,,,
Loviisa kt,,,
Loviisa Y1,44W-T-YV-000000A,60.371235,26.347092
Loviisa Y2,44W-T-YV-0000018,60.371235,26.347092
Långfors,,,
Maalismaa,,,
Maavesi,,,
Mankala,,,
Martinlaakso,,60.283333,24.836389
Matarakoski,,,
Melo,,61.463694,23.43675
Merikoski,,,
Meri-Pori,44W-T-LV-000003N,61.632585,21.40646
Mertaniemi 1 ja 2 ,,61.081336,28.17078
Montta,,64.82075,26.015535
Järvenpää,,,
Mustio,,,
Myllykoski,,,
Myllykoski ve,,,
Myllykoski vp,,,
Mäkipää Diesel,,,
Mänttä lä,,,
Mänttä ve,,,
Naantali kt,,,
"Naantali, G1, 2 ja 3",44W-T-YT-000006G,60.458946,22.053145
Naistenlahti 1,44W-T-YT-000007E,61.509751,23.777523
Naistenlahti 2,,61.509751,23.777523
Nastola kt,,,
Nikkilä,,,
Nokia kombi,,61.474321,23.496597
Nuojua,,64.577562,26.713644
Oksava,,,
Olkiluoto 1,44W-T-YV-0000026,61.237293,21.43869
Olkiluoto 2,44W-T-YV-0000034,61.237293,21.43869
Olkiluoto kt,,61.239622,21.448376
Ossauskoski,,66.155661,25.123996
Oulu,,65.006027,25.437086
Oulu T210 ja T213,,65.006027,25.437086
Padinki,,,
Pahkakoski,,,
Palokki,,,
Pamilo,,62.801178,30.426259
Pankakoski,,,
Parantalankoski,,,
Patalankoski,,,
Peltokoski,,,
Permantokoski,,,
Petäjäskoski,,66.272077,25.337247
Pieksämäki,,,
Pietarsaari (Wisapower Oy),,63.701279,22.71243
Pihlava,,,
Pirttikoski,,66.340106,27.154137
Pitkämö,,,
Pori,,61.575905,21.55656
Portimokoski,,,
Porttipahta,,,
Porvoo,,60.310398,25.523361
Porvoo Kilpilahti,,60.310398,25.523361
Porvoo kt 2,,60.310398,25.523361
Porvoo kt 3,,60.310398,25.523361
Porvoo Tolkkinen,,60.310398,25.523361
Puntarikoski,,,
Pursiala 1,,,
Pursiala 2,,,
Puulaakso,,,
Pyhäkoski,,64.846216,26.039947
Pyhännänkoski,,,
Pälli,,64.843919,26.195556
"Raahe, TG01, TG02",,64.651848,24.427111
Raasakka,,65.334764,25.411123
Raisio,,,
Rauhalahti,,62.237713,25.809424
Rauma,,61.111362,21.466712
Rauma,,61.111362,21.466712
Rengon saha,,,
Riihimäki (Ekokem),,,
Ristiina,,,
Ruskeakoski,,,
Ruusutarhat,,,
"Röyttä, Tornion tehtaat, 11 generaattoria",,,
Saario,,,
Sallila,,,
Salmisaari B,44W-T-YT-000008C,60.164649,24.904001
Salo,,,
Savela,,,
Savio,,,
Savonlinna,,,
Seinäjoki (SEVO),44W-T-YT-000009A,62.741444,22.815655
Seitakorva,,66.405623,27.328094
Seitenoikea,,,
Siikakoski,,,
"Siilinjärvi, V1 turb. ja vp turb.",,,
Simpele,,,
Siuronkoski,,,
Sodankylän varuskunta,,,
Soilu,,,
Soininkoski,,,
Sopenkorpi,,,
Sotkamo,,,
Stadsforsens Kraftverk,,,
Sunila,,,
Suomenojan voimalaitos,44W-T-YT-000010P,60.149125,24.718365
Suosiola,,,
Säkylä,,,
Säkylän varuskunnan dieselvoimalaitos,,,
Sälevä,,,
Sänkiaho,,,
Tahkoluoto,,61.632619,21.406289
Tahkoluoto kt,,61.632619,21.406289
Tainionkoski,,61.210576,28.782635
Taivalkoski,,65.931144,24.713095
Tako T2 ja T5,,,
Tammerkoski,,,
Tampella ve,,,
Teivaanmäki,,,
Tervakoski lä,,,
Tervasaari lä,,,
Tervasaari ve,,,
Tiihala,,,
Tolkkinen 1,,,
Toppila 1 ja 2,,65.037774,25.434644
Tornio,,,
Tyrvää,,,
Uimaharju 2 + 1 vp/lv,44W-T-YT-000015F,62.923072,30.224046
Uljua,,,
Utanen,,64.736763,26.478573
Uusikaupunki,,,
Vaaja,,,
Vaasa,,,
Vajukoski,,,
Valajaskoski,,66.424685,25.540117
Vanaja kt 1,,60.97516,24.505535
Vanttauskoski,,66.369685,26.686348
Varkaus lä ,,62.319012,27.897383
Waskiluoto Validation Center,,,
Vaskiluoto 2,44W-T-YT-000012L,63.090473,21.555412
Vaskiluoto 3,44W-T-YT-000012L,63.090473,21.555412
Vaskiluoto kt,44W-T-YT-000012L,63.090473,21.555412
Vatajankoski,,,
Vehmaa,,,
Veitsiluoto,,65.691141,24.622799
Venetpalo,,,
Verla 1 ja 2,,,
Vihtakoski,,,
Viikinmäki,,,
Vilppulan saha,,,
Voikkaa ve 1,,,
Voikkaa ve 2,,,
Vuolenkoski ve,,,
Vuosaari A,,60.220315,25.169658
Vuosaari B,44W-T-YT-000013J,60.220315,25.169658
Värnå,,,
Vääräkoski,,,
Wärtsilä tehdas,,,
Ylivieska,,,
Åminnefors,,,
Äetsä,,,
Ämmä,,,
Ämmäkoski,,,
Äänekoski,,,
Äänekoski ht,,,
Äänekoski ve,,,
Topinojan Biokaasulaitos,,,
Hyötyvoimalaitos,,,
Björknäs kraftvärmeverk,,,
Kerava,,,
Ämmässuo,,,
Varissaari,,,
"Lappeenranta, Kaukaan tehdas",44W-T-YT-000002O,61.066667,28.244444
Keljonlahti,44W-T-YT-000003M,62.192431,25.738151
Nivala,,,
Toholampi,,,
"Tolkkinen, Biolaitos",,,
Forssa kt,44W-T-KT-000001I,60.790029,23.586671
Vantaan jätevoimala,,60.283333,24.836389
Westenergy jätteenpolttolaitos,,,
Posion CHP-laitos,,,
Kymijärvi 2,,,
Tammervoima,,,
