name,eic_code,lat,lon
TORINO NORD,26WIMPI-0066050X,45.10383,7.61308
CCGT APRILIA,26WIMPI-0300653B,45.56156,12.63364
ILVA TARANTO CET3,26WIMPI-0420910Z,40.50201,17.21321
ENTRACQUE ROVINA,26WIMPI-R01ENTRX,44.22573,7.39012
VERZUOLO,26WIMZI-S01BVRG0,44.59458,7.48615
CHIVASSO,26WIMPI-S01CHVSE,45.18577,7.90138
E.ON C.TE LIVORNO FERRARIS ,26WIMPI-S01ECLF6,45.23754,8.19243
ENTRACQUE_CHRO,26WIMPI-S01ENTRP,44.16945,7.33204
U.O. MIRAFIORI,26WIMPI-S01FMTRO,45.07564,7.61103
LEINI,26WIMPI-S01LNEIG,45.16269,7.75045
MONCALIERI,26WIMPI-S01MNCLB,44.99293,7.67541
PONT VENTOUX,26WIMPI-S01PVNTQ,45.141299,6.962786
ROSONE,26WIMPI-S01RASNN,45.435348,7.418466
VENAUS,26WIMPI-S01VNSE6,45.161887,7.008396
AVISE,26WIMPI-S02AVSIS,45.700913,7.193059
VALPELLINE,26WIMPI-S02VLPL3,45.825196,7.333163
CASSANO,26WIMPI-S03ACMNW,45.51234,9.50979
CTE DEL MINCIO,26WIMPI-S03ACMSM,45.39991,10.71428
CENTRALE DI TURANO LODIGIANO - BERTONICO (LO),26WIMPI-S03CDTL1,45.22676,9.63727
LAMARMORA,26WIMPI-S03CLTCO,45.51658,10.21182
TENARIS DALMINE S.P.A.,26WIMPI-S03DBLMQ,45.63919,9.60481
EDOLO,26WIMPI-S03EDLO9,46.172153,10.344367
ENIPOWER MANTOVA,26WIMPI-S03EMC43,45.15026,10.83491
ENIPOWER FERRERA ERBOGNONE,26WIMPI-S03FERRD,45.09963,8.86632
GARGNANO,26WIMPI-S03GRGNY,45.703881,10.686097
LANZADA,26WIMPI-S03LNZDP,46.268585,9.877013
OSTIGLIA,26WIMPI-S03OSTG2,45.06032,11.13742
RONCOVALGRANDE,26WIMPI-S03RNCVS,46.067588,8.731877
S.FIORANO,26WIMPI-S03SFRNQ,46.049856,10.351457
SONDRIO,26WIMPI-S03SNDOY,46.286138,10.265884
SERMIDE,26WIMPI-S03SRMDD,45.02539,11.25398
SESTO SAN GIOVANNI,26WIMPI-S03SSSN8,45.54244,9.25239
TURBIGO,26WIMPI-S03TRBGZ,45.52051,8.74128
TAVAZZANO,26WIMPI-S03TVZZK,45.33248,9.43621
VOGHERA,26WIMPI-S03VEGHN,45.02959,8.97244
MESE,26WIMPI-S03XMCMK,46.304613,9.376503
CIMEGO,26WIMPI-S04CMGI4,45.923109,10.628414
CARDANO,26WIMPI-S04CRDA9,46.494973,11.395485
SELED GLORENZA,26WIMPI-S04GLRNJ,,
LANA,26WIMPI-S04LNAAQ,,
CENTRALE NATURNO,26WIMPI-S04NATRE,46.651148,10.993403
RIVA DEL GARDA - NUOVO,26WIMPI-S04RDGLX,45.883103,10.837735
S.FLORIANO,26WIMPI-S04SFLVM,46.290466,11.245401
TORBOLE,26WIMPI-S04TRBLJ,45.882608,10.882742
AZOTATI,26WIMPI-S05AZTT6,45.44611,12.25556
PORTO VIRO,26WIMPI-S05CNTRB,45.01856,12.24091
FADALTO,26WIMPI-S05FDLTJ,46.028439,12.300677
FUSINA T.,26WIMPI-S05FTSNK,45.43175,12.24662
LEVANTE,26WIMPI-S05PMAR7,45.45062,12.23063
PORTO TOLLE,,44.95602,12.48655
SOVERZENE,26WIMPI-S05SVRZ0,46.201029,12.302334
CET SERVOLA,26WIMPI-S06ECLTM,45.61949,13.78295
MONFALCONE,26WIMPI-S06MTNFA,45.79701,13.54719
TORVISCOSA,26WIMPI-S06TRVC2,45.81709,13.28915
GENOVA T.,26WIMPI-S07GTNV2,44.40318,8.90404
SPEZIA CENTR,26WIMPI-S07SCPZX,44.11169,9.87528
VADO TERM.,26WIMPI-S07VTDR2,44.27534,8.43068
BARGI CENTRALE,26WIMPI-S08BCRGX,44.117039,11.04338
CENTRO ENERGIA FERRARA,,44.86062,11.58636
S.E.F. SRL,26WIMPI-S08EFNP0,44.86406,11.59439
ENIPOWER RAVENNA,26WIMPI-S08ERNPQ,44.44878,12.23792
SAN  QUIRICO,26WIMPI-S08ESDS9,44.92466,10.30298
LA CASELLA C.LE,26WIMPI-S08LCCS4,45.09059,9.48009
PORTO CORSINI,26WIMPI-S08PCRTB,44.48365,12.26438
PIACENZA,26WIMPI-S08PLCNW,45.05508,9.70924
SARMATO,26WIMPI-S08SERM2,45.05207,9.50625
ENIPOWER LIVORNO,26WIMPI-S09AGPP4,,
PORCARI,26WIMPI-S09CPLR3,43.82342,10.60201
ISE PIOMBINO CET3,26WIMPI-S09IPYPC,42.94063,10.54524
LIVORNO MARZOCCO,,43.56697,10.31049
PIOMBINO TERMICA,,42.95766,10.60334
ROSELECTRA,26WIMPI-S09RSLCK,43.38459,10.44666
ROSEN,26WIMPI-S09RSNOR,43.38134,10.44855
S.BARBARA,26WIMPI-S09SBRBU,43.56419,11.47714
BASTARDO,26WIMPI-S10BSTRJ,42.89659,12.53886
GALLETO,26WIMPI-S10GLLT5,,
PIETRAFITTA,26WIMPI-S10PTRFC,42.99637,12.20013
API ENERGIA IGCC,26WIMPI-S11ACPNS,43.64113,13.37936
JESI,26WIMZI-S11JSEI0,43.55335,13.28534
TOR DI VALLE,26WIMPI-S12ATCRM,41.81029,12.42105
MONTALTO C.LE,26WIMPI-S12MCNTU,42.35689,11.53331
TORREVAL.NORD,26WIMPI-S12TRRLD,42.12831,11.75667
TORREVALDALIGA,26WIMPI-S12TRRVU,42.12326,11.76448
BUSSI,26WIMPI-S13BSSUZ,42.20013,13.83976
GISSI,26WIMPI-S13CDGNT,42.04995,14.56371
CTE TAMARETE,26WIMPI-S13CTTM2,42.32325,14.37755
MONTORIO,26WIMPI-S13MNTR3,,
PROVVIDENZA,26WIMPI-S13PRVVW,42.511133,13.410606
S.GIACOMO,26WIMPI-S13S2GCF,42.53754,13.555651
CELANO,26WIMPI-S13SCNDQ,42.04813,13.53618
LARINO TG,26WIMPI-S14LTRNT,41.81949,14.96602
ENERGIA MOLISE,26WIMPI-S14TERME,41.93709,15.00047
CAPRIATI,26WIMPI-S15CPRTZ,41.476824,14.128279
MADDALONI T.GAS,26WIMPI-S15MTDD6,41.01984,14.37033
NAPOLI L,26WIMPI-S15NLPLI,40.83397,14.30076
PRESENZANO,26WIMPI-S15PRSN8,41.380906,14.09146
SPARANISE ,26WIMPI-S15SCPRH,41.17767,14.11289
POMIGLIANO D'ARCO,26WIMPI-S15SGTL1,40.93194,14.38492
CENTRALE DI TEVEROLA ,26WIMPI-S15STTV3,41.00915,14.2286
BRINDISI NORD,26WIMPI-S16BNRNH,40.64398,17.98039
BRINDISI SUD CE,26WIMPI-S16BSCRY,40.56248,18.03191
SORGENIA PUGLIA CENTRALE DI MODUGNO,26WIMPI-S16CDMNU,41.10268,16.75567
CANDELA,26WIMPI-S16CNDLL,41.20185,15.47613
RATINO,26WIMPI-S16CSSCB,41.62667,15.42375
ENIPOWER BRINDISI,26WIMPI-S16EBNPL,40.643978,17.980304
IGES,26WIMPI-S16IGET0,40.957675,17.266559
ALTOMONTE,26WIMPI-S18EADS0,39.711908,16.215591
MUCONE 1S,26WIMPI-S18M1CN9,39.476646,16.290828
RIZZICONI,26WIMPI-S18RCZZW,38.444838,15.989969
ROSSANO TE,26WIMPI-S18RTSN9,39.621832,16.607702
SIMERI CRICHI,26WIMPI-S18SCMR8,38.875447,16.656397
CENTRALE DI SCANDALE,26WIMPI-S18SCNDX,39.102319,17.032491
AUGUSTA C.LE,26WIMPI-S19ACGSY,37.208703,15.176906
RAFFINERIA DI GELA SPA,,37.057979,14.267741
ANAPO C.LE,26WIMYI-S19ANPAB,37.115761,15.137157
CTE NUCE NORD,26WIMPI-S19APGPP,37.179493,15.196323
ISAB ENERGY,26WIMPI-S19IESBL,37.122093,15.219585
PRIOLO C.LE,26WIMPI-S19PCRLE,37.13158,15.201043
PORTO EMPEDOCLE C.LE,26WIMPI-S19PERTR,37.287309,13.521969
SAN FILIPPO DEL MELA ,26WIMPI-S19SDMCS,38.203761,15.285385
TERMINI IMERESE C.LE,26WIMPI-S19TCRMT,37.968628,13.751201
TRAPANI C.LE,26WIMPI-S19TCRPN,37.876736,12.589223
MILAZZO,26WIMPI-S19TMRC9,38.197792,15.267587
ASSEMINI,26WIMPI-S20ASSMU,39.227232,8.996946
FIUMESANTO,26WIMPI-S20FOMSR,40.846295,8.306735
PORTO SCUSO,26WIMPI-S20PSRTI,39.196025,8.40047
SULCIS CENTR,26WIMPI-S20SCLC8,39.195549,8.405091
SARLUX,26WIMPI-S20SRLXH,39.103312,9.006326
TALORO1,26WIMPI-T20TLRAJ,40.127148,9.140644
VENINA,26WIMPITOADDA-1T,,
ISOLATO SPLUGA,26WIMPII-LIRO-1L,46.443064,9.334613
GALLETO,26WIMPIVELINO-1Q,,
TAIO,26WIMPII-NOCE-1C,46.326132,11.063244
TIMPAGRANDE,26WIMPIORTICA-13,39.17553,16.780345
GROSIO,26WIMPIGROSIO-11,,
S.MASSENZA 1 (Molveno),26WIMPIASS-CL-1D,46.067653,10.983605
SOMPLAGO,26WIMPIAMENTO-1T,46.343237,13.067161
CEDEGOLO,26WIMPIMONICA-1D,46.243788,10.457249
