name,eic_code,lat,lon
Ballylumford C,47W000000000154M,54.842785,-5.784617
Kilroot,47W000000000156I,54.725074,-5.767628
Ballylumford B,47W000000000153O,54.844944,-5.786942
Ballylumford B OCGT,47W000000000153O,54.844944,-5.786942
Kilroot OCGT,47W000000000156I,54.725074,-5.767628
Dungeness B,48WSTN00000DNGBQ,50.913842,0.959699
Hartlepool,48WSTN00000HRTL5,54.635479,-1.181119
Heysham 1,48WSTN0000HEYM1P,54.029263,-2.915381
Heysham 2,48WSTN0000HEYM2N,54.029263,-2.915381
Hinkley Point B,48WSTN00000HINB5,51.207959,-3.130173
Hunterston B,48WSTN00000HUNBV,55.722772,-4.891078
Sizewell B,48WSTN00000SIZBP,52.21511,1.62013
Torness,48WSTN00000TORNX,55.967523,-2.407059
Baglan Bay CCGT,48WSTN00000BAGE8,51.615507,-3.834601
Severn Power,48WSTN00000SVRP6,51.549042,-2.973381
Sutton Bridge,48WSTN00000SUTBW,52.757285,0.1928
Baglan Bay OCGT,48WSTN00000BAGE8,51.615507,-3.834601
Barry,48WSTN00000BRYPC,51.408887,-3.229519
Glanford Brigg,48WSTN00000BRGGA,53.622551,-0.701141
Killingholme,48WSTN000KILLPG5,53.659282,-0.255219
Langage,48WSTN00000LAGA3,50.388299,-4.010897
Peterborough,48WSTN00000PETEV,52.576906,-0.204006
South Humber Bank,48WSTN00000SHBAT,53.602042,-0.144875
Coolkeeragh,47W000000000155K,55.043914,-7.249869
Coolkeeragh OCGT,47W000000000155K,55.043914,-7.249869
Corby,48WSTN00000CORBV,52.510805,-0.681333
Drax - biomass units,48WSTN0000DRAXXK,53.73648,-0.996463
Drax - coal units,48WSTN0000DRAXXK,53.73648,-0.996463
Drax GT,48WSTN000DRAXXGK,53.73648,-0.996463
Blackburn Meadows,,53.418536,-1.404776
Steven's Croft ,48WSTN00000STCRI,55.152695,-3.380096
Castleford,,53.732003,-1.342831
Sandbach,,53.165356,-2.40608
Thornhill,,53.677056,-1.654963
West Burton CCGT,48WSTN0000WBURB5,53.361541,-0.810597
Cottam,48WSTN1000COTPSQ,53.303711,-0.778882
West Burton,48WSTN0000WBUPSE,53.361541,-0.810597
Barkantine Heat & Power Company *,,51.496234,-0.021774
London Heat & Power Company *,,51.498903,-0.174897
West Burton GT,48WSTN0000WBUGT2,53.361541,-0.810597
Eggborough,48WSTN0000EGGPS5,53.712738,-1.125744
Deeside,48WSTN00000DEEP3,53.233273,-3.053495
Saltend,48WSTN00000SCCLO,53.734814,-0.243259
Rugeley,48WSTN0000RUGPS5,52.75608,-1.916202
Rugeley GT,48WSTN0000RUGGTU,52.75608,-1.916202
Indian Queens,48WSTN00000INDQH,50.395019,-4.899173
Dinorwig,48WSTN10000DINOQ,53.118744,-4.113624
Ffestiniog,48WSTN00000FFESK,52.980785,-3.968708
Elean,,52.398453,0.131598
Eye Suffolk,,52.331692,1.132061
Glanford,,53.622768,-0.700579
Westfield,,56.168625,-3.306559
Thetford,,52.447736,0.724602
Ferrybridge Multi-fuel,48WSTN000FERR-GE,53.717808,-1.281665
Coryton,48WSTN00000COSO2,51.512381,0.507262
Rocksavage,48WSTN00000ROCKK,53.315437,-2.725424
Spalding,48WSTN00000SPLNF,52.806845,-0.133276
Edmonton,,51.616568,-0.041141
Maentwrog,,52.935868,-4.003489
Marchwood,48WSTN00000MRWDO,50.899567,-1.43809
Fellside CHP *,48WSTN00000FELLH,54.418705,-3.488563
Belvedere,,51.505167,0.154318
Markinch CHP,48WSTN00000MARKJ,56.202979,-3.16056
Didcot B,48WSTN0000DIDCBC,51.624573,-1.26646
Great Yarmouth,48WSTN00000GYARR,52.584075,1.733647
Little Barford,48WSTN00000LBARK,52.204863,-0.269038
Pembroke,48WSTN00000PEMBL,51.684356,-4.996698
Staythorpe C,48WSTN00000STAYA,53.073732,-0.858784
Aberthaw B,48WSTN0000ABTHBN,51.387471,-3.406652
Aberthaw GT,48WSTN000ABTHGTK,51.387471,-3.406652
Cowes,48WSTN00000COWEA,50.746935,-1.286168
Didcot GT,48WSTN000DIDCGTK,51.6248,-1.268305
Little Barford GT,48WSTN000LBAR-G1,52.204863,-0.269038
Auchtertyre,,56.42485,-4.671236
Black Rock,,57.696842,-4.457313
Blantyre,,55.801128,-4.082644
Braevallich,,56.214789,-5.293785
Carnoch,,56.687854,-5.51635
Croesor,,52.984633,-4.032915
Cwm Dyli,,53.066247,-4.01143
Cynwyd,,52.95731,-3.40292
Dolgarrog High Head,,53.191512,-3.842965
Dolgarrog Low Head,,53.191512,-3.842965
Douglas Water,,56.201767,-5.137847
Dulyn,,53.18977,-3.911098
Garnedd,,53.044496,-3.921795
Garrogie,,57.185429,-4.482321
Garry Gualach,,57.058665,-5.018488
Glen Tarbert,,56.688026,-5.486661
Inverbain,,,
Inverlael,,57.821875,-5.050058
Kielder,,55.185139,-2.45771
Maldie,,58.26121,-4.982508
River E,,57.214223,-4.451958
Selset,,54.585667,-2.124333
Stanley Mill,,56.479236,-3.43767
Aigas,,57.457415,-4.544402
Culligran,,57.425697,-4.701966
Culligran Compensation Set,,57.425697,-4.701966
Deanie,,57.408844,-4.992706
Fasnakyle,48WSTN00000FASN8,57.325985,-4.794452
Fasnakyle Compensation Set,48WSTN00000FASN8,57.325985,-4.794452
Kilmorack,,57.463344,-4.512308
Mullardoch Tunnel,,57.336731,-4.954291
Cashlie,,56.545761,-4.429198
Dalchonzie,,56.373295,-4.040369
Finlarig,48WSTN00000FINLW,56.481747,-4.298421
Lednock,,56.434823,-4.065314
Lochay,,56.484452,-4.362674
Lochay Compensation Set,,56.484452,-4.362674
Lochay Fish Pass Generator,,56.484452,-4.362674
Lubreoch,,56.542219,-4.516817
St. Fillans,48WSTN00000SFILV,56.457541,-4.242575
Achanalt,,57.614552,-4.834735
Cuileg,,57.743437,-5.060252
Grudie Bridge,48WSTN00000GRUBR,57.619382,-4.830479
Loch Dubh,,57.954205,-5.119845
Luichart,,57.574691,-4.686832
Luichart Dam,,57.582825,-4.698347
Mossford,,57.628295,-4.797222
Orrin,,57.554162,-4.616081
Orrin Dam,,57.554162,-4.616081
Torr Achilty,,57.554403,-4.598289
Foyers,48WSTN00000FOYEQ,57.255343,-4.493262
Ceannacroc,,57.153959,-4.936589
Foyers Falls,48WSTN00000FOYEQ,57.25538,-4.493042
Glendoe,48WSTN0000GLNDOL,57.093,-4.556
Glenmoriston,,57.201652,-4.720786
Invergarry,,57.072271,-4.773157
Invergarry Dam,,57.07726,-4.845555
Kingairloch,,56.632902,-5.571777
Livishie,,57.204607,-4.727847
Mucomir,,56.910344,-4.984838
Quoich,,57.06299,-5.123315
Quoich Dam,,57.061939,-5.11992
Cassley,48WSTN00000CASSD,58.168903,-4.727687
Lairg,,58.028772,-4.413805
Shin,48WSTN00000SHINJ,57.943456,-4.411449
Shin Diversion Dam,,58.01222,-4.402339
Allt na Lairige,,56.290479,-4.897778
Awe Barrage,,56.410179,-5.168967
Clachan,48WSTN00000CLACI,56.27739,-4.921665
Inverawe,48WSTN00000INAWE,56.439758,-5.217784
Kilmelfort,,56.273185,-5.48925
Loch Gair,,56.065326,-5.335656
Lussa,,55.476427,-5.584277
Nant,48WSTN00000NANT8,56.338056,-5.211173
Sloy,48WSTN00000SLOY0,56.261512,-4.763588
Sron Mor,,56.337014,-4.975787
Striven,,56.009446,-5.119467
Clunie,,56.716814,-3.777832
Clunie Dam,,56.716814,-3.777832
Cuaich,,56.958146,-4.155829
Errochty,48WSTN00000ERROK,56.708896,-4.006863
Gaur,,56.678376,-4.508843
Loch Ericht,,56.823662,-4.371775
Pitlochry,,56.699293,-3.739996
Pitlochry Dam,,56.699293,-3.739996
Rannoch,48WSTN00000RANN0,56.692995,-4.401621
Tummel,48WSTN00000TUMBB,56.706326,-4.021017
Arnish,,,
Barra,,57.733565,-4.780882
Bowmore,,55.760587,-6.27336
Kirkwall,,58.982347,-2.964408
Lerwick,,60.167184,-1.164261
"Loch Carnan, South Uist",,57.364812,-7.27048
Stornoway,,58.203151,-6.372753
Tiree,,56.49764,-6.882377
Beannachran Dam,,57.413843,-4.789349
Chliostair,,57.981161,-6.959031
Cladach Dam,,55.603612,-5.162045
Cluanie Dam,,57.143819,-5.002231
Duchally,,58.141289,-4.773841
Dundreggan Dam A,,57.20235,-4.720629
Gisla,,58.122669,-6.934258
Kerry Falls,,57.684857,-5.642699
Loyne,,57.12737,-4.974903
Meig Dam,,57.565006,-4.717085
Misgeach Power Station,,57.396707,-5.02541
Morar Power Station,,56.963629,-5.812743
Nostie Bridge,,57.285287,-5.565797
Storr Lochs,,57.496779,-6.145792
Stronuich Power Station,,56.546221,-4.429258
Tobermory Power Station,,56.620702,-6.070343
Tralaig Power Station,,56.296712,-5.442751
Trinafour Power Station,,56.756646,-4.087408
Vaich Power Station,,57.733565,-4.780882
Slough *,,51.524006,-0.626368
Keadby,48WSTN00000KEAD4,53.594692,-0.749312
Medway,48WSTN00000MEDPZ,51.439787,0.69099
Peterhead,48WSTN00000PEHEU,57.477712,-1.789326
Fiddler’s Ferry,48WSTN00000FIDLP,53.372319,-2.68695
Chippenham,,,
Burghfield,,51.429365,-1.003304
Chickerell,,50.623281,-2.487789
Fiddler’s Ferry GT,48WSTN000FIDL-GA,53.372319,-2.68695
Keadby GT,48WSTN000KEADGT6,53.594692,-0.749312
Five Oaks,,51.050115,-0.422073
Thatcham,,51.394535,-1.242002
Cruachan,48WSTN00000CRUAC,56.394104,-5.114319
Carsfad,,55.143482,-4.189764
Drumjohn,,55.248107,-4.327364
Earlstoun,,55.112094,-4.174467
Glenlee,,55.099977,-4.186353
Kendoon,,55.164438,-4.191086
Tongland,,54.860111,-4.034615
Bonnington,,55.655526,-3.774459
Stonebyres,,55.677412,-3.830617
Blackburn,,53.419126,-1.404453
Damhead Creek,48WSTN00000DAMCL,51.425215,0.601233
Rye House,48WSTN0000RYHPSI,51.76169,0.009018
Shoreham,48WSTN00000SHOSS,50.829527,-0.230816
Pilkington - Greengate *,,53.442988,-2.739958
Seabank 1,48WSTN00000SEAB5,51.539182,-2.669878
Seabank 2,48WSTN00000SEAB5,51.539182,-2.669878
Wilton 10,,54.587214,-1.100863
Wilton GT1 *,,54.587214,-1.100863
Wilton GT2,,54.587214,-1.100863
SELCHP ERF,,51.485218,-0.046364
Rheidol,,52.396476,-3.899553
Knapton,,54.181097,-0.641951
Connahs Quay,48WSTN0000CNQPSG,53.231501,-3.081939
Cottam Development Centre,48WSTN00000CDCLQ,53.303711,-0.778882
Enfield,48WSTN00000EECLC,51.662651,-0.02235
Grain CHP *,48WSTN0000GRAINU,51.445227,0.715005
Killingholme,48WSTN000KILLPG5,53.659282,-0.255219
Ratcliffe,48WSTN00000RATS9,52.865241,-1.254127
Grain GT,48WSTN000GRAI-GD,51.445227,0.715005
Ratcliffe GT,48WSTN000RATSGTB,52.865241,-1.254127
Taylor's Lane GT,48WSTN000TAYL-G3,51.546086,-0.257309
VPI Immingham *,48WSTN00000HUMR2,53.638708,-0.234093
