name,eic_code,lat,lon
VAQUEROS,,,
MARINER,,,
LANCIEGO,,,
OSOR,,,
DIECHAR,,,
PAPELERA FIDEL,,,
NAVAS-SAN MATEU,,,
FONT DEL RIU,,,
COLORTEX,,,
CERAMICAS ALONSO,,,
CAL ESCOLA,,,
CERAMICAS DEL MINO,,,
BORGONYA,,,
CAN RAMISA,,,
SANTA MATILDE,,,
MORLA,,,
ELS CONDALS,,,
COGEMANSA,,,
ESMALGLASS,,,
PLANTA DE COGENERACION DE QUEIZUAR,,,
LUBIAN,,,
CERAMICA BARRASA,,,
COGENERACION FRANCISCO VENTO,,,
TRATAMIENTO DE PURINES OSA DE LA VEGA,,,
EIE,,,
ENRIQUE RAMON BORJA,,,
CERAMICA JEREZ,,,
EMBUTIDOS PALACIOS,,,
TRATAMIENTO DE PURINES VILVIESTRE DEL PINAR,,,
NARANSUR,,,
HOSPITAL DE GALDAKAO,,,
MOLINO DE ANDRES,,,
NALON ENERGIA - CENTRO SAMA,,,
RASACAL COGENERACION,,,
MARCIAL GONZALEZ,,,
COGENERACION JUMSAL,,,
FINCA LA ESPERANZA - MULA,,,
PAPELERA ECKER,,,
PLANTA TRATAMIENTO PURINES EN CASPE,,,
PIRACES,,,
MOLI DE PALS,,,
TUNO III,,,
CONSTRUCCIONES SAN MARTIN,,,
HOSPITAL UNIVERSITARIO LA FE,,,
CERAMICAS SEGOVIA,,,
MESOGEN,,,
INDUSTRIAS DUERO,,,
SALT DEL MOLINOT,,,
LA FUENTE DEL TIO HERRERO,,,
MADERAS RANA,,,
MINTXATE,,,
LORCA-II,,,
COGENERACION CAMPUS UNIVERSITARIO DE TOLEDO,,,
"COGENERACION MARTIARTU, AIE",,,
TARRIO,,,
CERAMICA MANRESANA,,,
SAN RAFAEL DE NAVALLANA,,,
CIMENTS MARTIN (SANT JOAN DE LES ABADESSES),,,
ANOIA,,,
GRANCASA,,,
BANOS,,,
CAN BROQUETAS,,,
RENFE - ESTACION PUERTA DE ATOCHA,,,
CANTERAS DE JUN,,,
HERRERIAS,,,
BUJALARO,,,
GADEA HERMANOS,,,
"EQUIPAMIENTOS SANITARIOS DE VALENCIA, S.L.",,,
SAN VICENTE,,,
ARTABRA (AMPLIADA POTENCIA 28/3/03),,,
LA LLUM,,,
TERSA,,,
TERSA,,,
CERAMICA RIOBOO,,,
TERREAL,,,
PRESA FORCADA,,,
EL MOLI,,,
CASCO DECOR,,,
ROSSELLO,,,
EL MOLI,,,
DICRE,,,
PRADILLO,,,
CLARIANACAL,,,
FOXO,,,
BARRENA BERRI,,,
HARTMAN,,,
GEQUISA,,,
SAN JOSE,,,
SAN ANTONIO,,,
LA SEDA,,,
BARRIOS DE LUNA,,,
TALAVE,,,
PORTABELLA,,,
LA CUESTA,,,
CRISTALERIA ESPANOLA,,,
INICIATIVES PANTOMI,,,
C.H.MANUFACTURES,,,
CELLOPHANE,,,
OQUILLEGUI,,,
RIO FRANCIA,,,
AIZPURUTXO,,,
MOLINO DEL BARRIO PUENTE DE BERGUENDA,,,
LA POLA DE GORDON,,,
VINALTA,,,
NIGUELAS,,,
SALTO DEL PUENTE DE LA CERRADA,,,
MELIDA,,,
CIPSA,,,
LA GAFA,,,
CAN TARRES,,,
AREMUSA II,,,
AREMUSA V,,,
MUSA XI,,,
AREMUSA VII,,,
ALITRASA VIII,,,
ALITRASA VI,,,
PLANTA DE TRATAMIENTO DE PURINES,,,
LIMIA,,,
SAN VICENTE LEIRA,,,
SAN VICENTE LEIRA,,,
MONASTERIO,,,
LA ESPERANZA-UEF,,,
C.H. DEL UMIA,,,
SARRIA III,,,
C. H. MOLINO DE GUASO,,,
MOTOR BIOGAS DEPOSITO RSU SALAMANCA,,,
C.H. AITONA.,,,
NYLSTAR,,,
ALABE CARTOTECNIA,,,
BARBANTINO,,,
A.I.E. FABRICANTES DE QUESOS,,,
ENERSER,,,
TRATAMIENTO DE PURINES TRES JUNCOS,,,
LOS TORILES,,,
CERAMICA CUATRO PALOMAS,,,
CENTRAL HIDRAULICA DOMENO,,,
INDULLEIDA,,,
INDULLEIDA,,,
FORESTAL DEL ATLANTICO,,,
SALT-1,,,
GENSABON,,,
HOSPITAL COMARCAL NUESTRA SENORA DE LA ANTIGUA,,,
CERAMICAS RIO ALHAMA,,,
LA HIGUERILLA,,,
PAPELERA DE PERALES,,,
CELYTEX,,,
MOLI D OGERN,,,
ACABADOS BANERES,,,
"LORCA ENERCORR XXI, S.L.",,,
UNION FENOSA,,,
PLANTA DE COGENERACION INDUSTRIAS LOSAN,,,
ALGUAIRE - CENTRAL 1,,,
RAIMAT,,,
RIO UCERO,,,
RAIMAT - CENTRAL 6,,,
COGENERACION SAN CIPRIAN,,,
CEPEDA,,,
BOLSAS Y FORMATOS,,,
LA SARRA,,,
ALCANADRE I,,,
ANDIA LACTEOS,,,
SALICA,,,
VICARIAS,,,
"TAULELL-P. PORC. N4 (AMPL. 5048 KW 3/02/06, RD436",,,
VALENCIA DE DON JUAN,,,
COMPANIA EUROPEA GENERAL TEXTIL,,,
ATRENESTE,,,
ONDUSPAN,,,
INCOAZUL,,,
"ARGUI LORE, S.L. (GUASCOR ENDANEA)",,,
PRADENA,,,
PRODUCTORA GUADALFEO,,,
FORRAJES Y  PROTEINAS,,,
CENTRAL DE GENERACION ELECTRICA DEL D.C. DE NAJERA,,,
CENTRAL DE GENERACION ELECTRICA DEL D.C. DE NAJERA,,,
PLANTA COGENERACION TRATAM. PURINES,,,
REHABILITACION C. H. PITARQUE,,,
C.H. DE TORREONES DEL MUNDO,,,
CANTERAS DE JUN,,,
IBERPURIN,,,
ACEITERA GUADALQUIVIR,,,
C.H. HARINAS Y DERIVADOS IBARRONDO,,,
COGENERACION AZCUE Y CIA,,,
INGAROIL,,,
HIDROELECTRICA DE BERBERIN,,,
HINOJAR II,,,
ECOENERGIA INTEGRAL,,,
SAN VICENTE,,,
COGENERACION ALABE COLSA,,,
COGENERACION Y TRATAMIENTOS ECIJA,,,
GARENESA,,,
CENTRAL DE CAN NALERT,,,
CENTRAL DE OLABARRIA,,,
MICHELIN ARANDA,,41.664695,-3.710235
MICHELIN ARANDA,,41.664695,-3.710235
OLALDEA II,,,
GOIZUETA,,,
VIANA II,,,
URTASUN,,,
HIJOS DE MARTINEZ,,,
BOINERSA,,,
TORRELAGUNA,,,
CASTILLONROY,,,
PAPELERA DE LA ALQUERIA,,,
PUENTEDURA,,,
PUENTEDURA,,,
PLANTA DDP CASTILEON,,,
C.H. LOS MANUELES,,,
AVICU MATADERO Y AMPLIACION,,,
AVICU MATADERO Y AMPLIACION,,,
"HOCERSA HOMS CERAMICA, S.A.",,,
CH ANLLO,,,
LARBESA,,,
LA SOTONERA,,,
ALFAGES,,,
NUREL 1,,,
VENTANIELLA,,,
BOO DE GUARNIZO,,,
NOVO Y SIERRA 1 Y 2 FASE,,,
FEIXA II,,,
FEIXA II,,,
AZULIBER,,,
COLONIA VIDAL,,,
CERAMICA PIEROLA,,,
PONS,,,
COG. CERAMICA DA MOURA,,,
PLANTA DE COGENERACION,,,
"PAPELERA GUIPUZCOANA DE ZICUNAGA, S.A.",,43.257263,-1.967881
TRITURADOS PUERTO BLANCO,,,
C.H. DE LA VEGA,,,
C. H. TAMBRE-CABALAR,,,
"COMERCIAL MIRASIERRA, SA",,,
C. H. HOJAMARTA,,,
CENTRAL HIDRAULICA GUADALIMAR,,,
C.H. MAZONOVO,,,
"SERVIKER 1, S.L.",,,
MINIHIDRAULICA 90 KW EL RINCON REHABI. DALTOS DE C,,,
LABORATORIS GRIFOLS,,,
HIDROELECTRICA DEL CAUXA,,,
MURIEDAS,,,
CH 3 MW VILLA DE LOS ANGELES,,,
C.H. SALTO DEL GOMIL,,,
ACEITES DEL SUR-COOSUR S.A.,,,
CH BOADES,,,
CH LA POBLA DE SEGUR,,,
CH LA POBLA DE SEGUR,,,
CENTRAL HIROELECTRICA DE PARTIDOR,,,
AURTIZ,,,
AURTIZ,,,
SALTO DEL OLVIDO,,,
LINGEGAS,,,
ESPUNY-MORON,,,
ESPUNY-MORON,,,
C.H. LA CHOMBA DEL PLAGANO,,,
COGENERACION NAVIA,,,
PENA AGUILA,,,
FABRICA DE YESO EN GELSA,,,
TORELLO,,,
MATALLANA,,,
OLLONIEGO,,,
SAVA-MIRALCAMP,,,
CERAMICA TARBE,,,
FABRICA VELLA,,,
INAMA,,,
OREMBER,,,
AZUCARERA DEL GUADALCACIN,,,
SALT 2,,,
REQUEIXO,,,
MIUDINA,,,
LA MINILLA,,,
SUROS Y MOLI,,,
TORTOSA ENERGIA,,,
TORTOSA ENERGIA,,,
TORTOSA ENERGIA,,,
LAS QUEBRADAS,,,
CH LA CASETA,,,
HILATURAS MIEL,,,
CERAMICA ZAMORA,,,
ACUARIO ESPAI DE SALUT,,,
ALIER,,,
"REAL CERAMICA, S.A.U",,,
COGENERACION SERPIS,,,
PRODUCTOS ULLA,,,
CERANOR,,,
HIJOS FRANCISCO GAYA FORES (FABRICA II),,,
SANT VICENC DELS HORTS,,,
LUMBIER,,,
GONZALEZ CARRENO II,,,
FERNANDO CORRAL E HIJOS,,,
CERAMICA SAZA,,,
C. H. CORZAN,,,
LA AURORA,,,
ALMIBERIA,,,
RIO XANCEDA,,,
LIPIDOS SANTIGA,,,
PLANTA DE LALCORA,,,
PLANTA DE MORELLA,,,
COGENERACION MARINA DOR,,,
IBERFRUTA,,,
TRATAMIENTO DE PURINES EN ASTORGA,,,
TRATAMIENTO DE PURINES EN VILLANUEVA DE ARGANO,,,
PAPELERAS DEL ARLANZON,,,
CERAMICA DE PINA II,,,
ALVARO ESPUNY,,,
COOPERATIVA DE VIVIENDAS JOVENES DE ORCASITAS,,,
"COVISLAN, S.L.",,,
LORCA-1,,,
PLANTA DE COGENERACION DAPSA,,,
HELIOS,,,
BADENES COGENERACION,,,
NIVELUR (AMPLIACION 809 KW 30-6-2005),,,
NIVELUR (AMPLIACION 809 KW 30-6-2005),,,
TEXTIL SANTANDERINA,,,
ATHENEA,,,
"SAMPOL INGENIERIA Y OBRAS, S.A.",,,
EL RETALLO,,,
TORROLLON,,,
BECOSA CABRA,,,
"IBERIA, LINEAS AEREAS DE ESPANA",,,
PROCESA,,,
FACTORIA DE GUARENA,,,
HILATURAS BEJAR,,,
COGENERACION COGAL,,,
PLANTA DEPURACION AGUAS RESIDUALES,,,
SANTOMERA,,,
PLANTA PURINES HINOJAR,,,
CERAMICA ALCALAINA,,,
VILAFRUNS,,,
ESCLUSA 14,,,
"CARTONAJES LA PLANA, S.L.",,,
BENFERRI,,,
POSADAS,,,
LARDERO,,,
COG. MADERAS ORNANDA,,,
PLASTICOS ENERGIA,,,
EL PISON,,,
GALLETAS GULLON FABRICA 1,,,
CENTRAL HIDROELECTRICA DE HUESNA,,,
MUGAIRE,,,
SALTO ETXALAR,,,
POMPEYO CRIADO,,,
CERAMICAS ALONSO,,,
GUIXERS (POT. LIMITADA A 620 KW),,,
COGENERACION HERMANOS DIAZ REDONDO,,,
NYLSTAR,,,
C.H. EL BORRAS,,,
BELFINTEX,,,
GUIMERA,,,
GUISSONA-LERIDA,,,
CAN BORRAS,,,
LA PLANA,,,
SANT JAUME DE LLIERCA,,,
KAO CO(NUEVA FECHA INSCRIP. POR MODIF. SUSTANCIAL),,,
CH CAL GAT,,,
LA PUDA,,,
CERAMICA VIVES,,,
ELKORRI,,,
MOLINO DE AUSIN,,,
NOFUENTES,,,
TRANCO DEL DIABLO,,,
ARROYO LOS POZOS,,,
PERERUELA,,,
GOMEZ RODULFO,,,
BAZKARDO,,,
COLONIA FABREGAS,,,
EL COLLET,,,
POBLA DE LILLET,,,
BRANDIA,,,
LADRILLERIA ROSO,,,
CERAMICA DE CHILOECHES,,,
CERAMICA DE CHILOECHES,,,
CERAMICA DE LA ESTANCA,,,
CERAMICA DE LA ESTANCA,,,
CERAMICA DE LA ESTANCA,,,
C´ANTIUS,,,
LA RECORBA,,,
PAPELERA DEL ORIA,,,
GUEYU DE ZARAMBRAL,,,
C.H. BADIOLEGUI,,,
VIRGEN DE LAS VINAS,,,
S.A. LA CERAMICA,,,
COGENERACION LA RABIDA (DETISA),,37.184143,-6.899786
CERAMICA FUSTE,,,
VILLAR DEL REY,,,
EL PONT VELL,,,
SALES DE MONZON,,,
PLANTA TRATAM. PURINES DE FORADADA,,,
ELYO SANT JOAN,,,
PLANTA DE PURINES AGRUPACIO RAMADERS NOGUERA,,,
PLANTA TRATAMIENTO PURINES ALFARP,,,
"CIUDAD DE LAS ARTES Y LAS CIENCIAS, S.A.",,,
NOGALES,,,
MUSA VII,,,
MUSA VIII,,,
MUTRASA VI,,,
MUTRASA VII,,,
COGENERACION,,,
LOGRONO,,,
LA MELLA,,,
SASTAGO-II,,,
DONA JIMENA,,,
C.H. HUERTA BAJA 75 KW,,,
EMASA EDAR GUADALHORCE,,,
CG NUFRI-2,,,
CG NUFRI-2,,,
ELABORADORA DE CEFALOPODOS,,,
NUTRIMENTOS DEL CAMPO,,,
TRATAMIENTO DE PURINES DE GALVEZ,,,
TRATAMIENTO DE PURINES DE LA PUEBLANUEVA,,,
MATADERO COMARCAL DEL DEZA,,,
"AZULEJERA TECNICA, S.A.",,,
COGENERACION ASTANO,,,
"PANRICO, S.L (ANTES DONUTS GALICIA)",,,
COGENERACION ADZANETA,,,
SALTO DE LAS CANAS,,,
ANOETA,,,
ACEQUIA DE CINCO VILLAS,,,
LAS BARRERAS,,,
ANTIC MOLI JUVINYA,,,
C.H VALL DE NURIA,,,
MATEOS,,,
CERAMICA GARCIA CUESTA,,,
HISPANIA CERAMICA,,,
C.H. DE SANTABAIA,,,
"C.H. HOYA GARCIA (AMPLI. 775 KW, EL 12-11-05)",,,
TORRASPAPEL-MONTANANESA,,,
"CENTRAL DE COGENERACION EN INDASA, PARA DESHIDRATADO DE ALFALFAS Y OTROS PRODUCTOS VEGETALES",,,
ALCARRAS - CENTRAL 12,,,
CENTRAL 13,,,
QUENTAR,,,
ANTELLA-ESCALONA,,,
COGENERACION VILLARICOS,,,
LA REQUIJADA,,,
GRANJA EGUILUZE,,,
KRASLAN,,,
JOSE PINEIRO GONZALEZ E HIJOS,,,
VILLALGORDO,,,
CERAMICAS JORNETS,,,
PAPELERA DE SILLA,,,
SIERRA SUR ENERGIA S.A.,,,
PROCESOS ECOLOGICOS CARMONA 3,,,
TRAINALBA,,,
SAN ESTEBAN DE GORMAZ,,,
POVISA,,,
CABO,,,
POLIDEPORTIVO VALDELASFUENTES,,,
"TECNICAS DE COGENERACION DE QUART, S.L.",,,
COGENERACION VIRIATO,,,
REAL Y SANTA CASA DE MISERICORDIA,,,
EMBALSE DEL JERTE,,,
PLANTA COGENERACION ENERGIA IDM,,,
C.H. PALOMAREJO,,,
INDUSTRIAS SAN ANDRES,,,
SANGUESA,,,
EUGUI,,,
ENNOTEX,,,
PINILLA,,,
CENTRAL DE VALTEINA,,,
SARDON ALTO,,,
C.H. DE SALTO DE LAGOA,,,
"PLANTA DE SOJA DE BUNGE IBERICA, S.A.",,,
LA SALVADORA,,,
"GREENPORT SOLUTIONS, S.L.",,,
CASTROQUILAME,,,
ALCOLEA DE CORDOBA,,,
COGENERACION MADERAS GARNICA,,,
C.H. MOLINO DE NIEVA,,,
"SERVICIOS DE COGENERACION, S.L.",,,
CARMONA COGENERACION,,,
C.H. FERRERAS,,,
C.H. LA TORRE,,,
DIBAQ-DIPROTEG,,,
C. COG. E.D.A.R. VILLAPEREZ,,,
CERAMICAS HIJOS DE F.MORATAL AMPLIACION DE RE-97D-395,,,
ARIESTOLAS,,,
EL CIEGO,,,
BARASONA (S.JOSE),,,
ARIAS I,,,
BARBAO,,,
PARANA,,,
FERRERIAS,,,
FERVENZA,,,
ITALCOGENERACION,,,
AZUVI,,,
VENIS,,,
INZOA,,,
CENTRAL HIDR. EL PERALEJO,,,
MUSA I,,,
MUSA III,,,
NEUMATICOS MICHELIN-VITORIA,,42.866419,-2.670162
PLANTA BIOMASA NUINTESA,,,
HIDROELECTRICA SAN LAZARO,,,
C.H. RIALB 1,,,
"CORA COGENERACION, S.L.",,,
CENTRAL DE COGENERACION NPC II,,,
C.H. SALTO DE ERMIDA,,,
LOS MOLINOS DEL SOTO,,,
BIOGAS REIG PASTOR,,,
PERANCHO,,,
BIOGAS Y ENERGIA,,,
BETOLEGUI,,,
IRATI,,,
TRATAMIENTO DE PURINES,,,
CH AMETLLA DE MEROLA,,,
CH BAGA,,,
CH DAIO,,,
CH FRESER,,,
VILLAMECA,,,
GRES DE NAVA,,,
AMYLUM IBERICA,,,
COGENERACION MIGASA-LA RODA,,,
CERAMICA DE CABEZON,,,
APROV. HIDROELECTRICO DEL RIO XIESTA,,,
FRINOVA,,,
GUIXARO,,,
HIDROELECTRICA PEDRAFORCA,,,
C.H. SOLAN DE CABRAS,,,
BESCANO,,,
ESPINOSA DE HENARES,,,
LODOSA,,,
CASAS,,,
RIBESALBES,,,
MORENTIN,,,
BESCANO,,,
CASTADON,,,
PONTE INFERNO,,,
"ERCROS INDUSTRIAL, SA",,,
CAN GALOBART,,,
CAN BENET,,,
MASEIRINOS,,,
MACEIRA I,,,
MAITENA,,,
LAVADERO SAN BERNARDO,,,
LA FARGA,,,
LA ESCALA,,,
LA COLLADA,,,
COGENERACION VECONSA,,,
CA L AFOU,,,
SATRUSTEGUI,,,
COOPERATIVA AGRICOLA SAN BLAS S.COOP.,,,
TRATAMIENTO DE PURINES GERINDOTE,,,
INDUSTRIALES PANADEROS ASOCIADOS,,,
LA CUARTA,,,
ROCASSES,,,
AGUILAREJO,,,
CERAMOSA,,,
ELCIEGO,,,
BOCANA DEL CASAR,,,
VINICOLA DEL OESTE,,,
NUEVA CERAMICA MODERNA,,,
COMPLEJO CARNICO PICOS DE EUROPA,,,
OLEOENERGIA JIMENA II,,,
AVICU PIENSOS,,,
ERCA CINCO VILLAS-1,,,
TRATAMIENTO DE PURINES DE MIRA,,,
BURON,,,
IBERIA LINEAS AEREAS DE ESPANA,,,
QUESERIAS ENTREPINARES,,,
FINCA LA ESPERANZA - PLIEGO,,,
CENTRAL HIDROELECTRICA DE CANDANCHU,,,
ROS ROCA (PLANTA TUEJAR),,,
MAZARRON  COGENERACION,,,
SOLVAY II,,43.376356,-4.042517
COLASEM,,,
LA PARDINA,,,
E. D. A. R. LEON Y SU ALFOZ,,,
E I E,,,
BECOSA-CARMONA,,,
CADOS,,,
"SMURFIT ESPANA,S.A. (ALCALA)-TEC 94, S.A.",,,
"COGENERACION IESA INTERMALTA, S.A.",,,
SANTA ANA DE BOLUETA,,,
PLASTICOS IMA,,,
PLANTA DE PURINES EN MESEGAR DE TAJO,,,
ENERCORR-BELLCAIRE,,,
AGROPOR,,,
LA ALJORRA - CARTAGENA 2,,,
LA RAPIDA N 1 DE FONTANAR,,,
CAN CABALLE,,,
CONSORCI SANITARI LA SELVA,,,
"REVERTE, SA",,,
MOREDA,,,
GAROGRES,,,
LA PALOMA,,,
CERAMICA SAN JAVIER,,,
PLANTA DE COGENERACION EN CARBONIFERA DEL EBRO AMPLIADA,,,
PLANTA DE COGENERACION EN CARBONIFERA DEL EBRO AMPLIADA,,,
BIESCAS I,,42.616985,-0.296996
LAS NORIAS,,,
C. HOSPITAL GENERAL UNIVERSITARIO DE VALENCIA,,,
ALMANDOZ,,,
ISABA,,,
VILLASECA,,,
JORGE-2,,,
"ENERGYWORKS CARBALLO, S.L.",,,
GALLIFA,,,
DEFIBER,,,
SERRASANS,,,
STORA ENSO,,41.464178,1.955698
FACTORIA DE BESOS,,,
COLONIA LLAUDET,,,
CAL JOVER,,,
MOLI DEL CASSO,,,
PRAT DEL RUMI,,,
LA ONZA,,,
TOLSA,,,
UFEFYS,,,
CARGILL ESPANA,,,
LA JOSEFINA,,,
SOLOGOEN,,,
QUINTANA DE VALDIVIESO,,,
AGUEDA,,,
AZUCARERA LEOPOLDO,,,
SAN LORENZO I,,,
MOLINAFERRERA,,,
FRANQUIA,,,
CAN BROS,,,
C.H. BRUTAU II,,,
ROCASSES,,,
EXAGRES,,,
HILATURAS NOGUERA,,,
TYLMESA,,,
TYLMESA,,,
LA RACHELA,,,
ARBUYO,,,
SAN MIGUEL DEL PINO,,,
ALCOZAR,,,
BALMASEDA,,,
MINERA DE SANTA MARTA,,,
LA PUEBLA DE ARGANZON,,,
ARANDA II,,,
"GRELVA, S.R.L.",,37.17812,-3.636121
SALTO DEL MOLINO DE GUADALEN,,,
IRABIA,,,
LA PROTECTORA,,,
SALTO DE MACHIN,,,
CG J.VILASECA,,,
CG J.VILASECA,,,
C.H. EL RETORNO,,,
FLIX,,,
EL RIU,,,
COLASEM,,,
"CERAMICA NULENSE, S.A. (CENUSA)",,,
"TIERRA ATOMIZADA, S.A. FACTORIA III",,,
AREMUSA I,,,
AREMUSA IV,,,
MUSA X,,,
MUSA XII,,,
MENDAVIA,,,
MENUZA,,,
LA PEREDA,,43.272779,-5.809024
"KANUI ENERGIA, S.L.U.",,,
INQUINASA,,,
CATENVA,,,
LUSO HISPANA DE ACUICULTURA,,,
SUCESORES SEVERINO GOMEZ,,,
LA ARBOLEDA,,,
INDUSTRIAS PILATO,,,
FERIA MUESTRARIO INTERNACIONAL DE VALENCIA,,,
ANARBE (PIE DE PRESA),,,
ZINC METAL,,,
SANTA MARINA,,,
SABONDEL,,,
ABENGOA SERVICIOS URBANOS,,,
COGENERACION DEL SUR,,,
ENERGIAS MARGUA,,,
COGENERACION BANYOLES,,,
PAPELERA ROMANI,,,
EL SERRADO,,,
GUISSONA-CLOSA,,,
GUISSONA-CLOSA,,,
GUISSONA-CLOSA,,,
GUISSONA-CLOSA,,,
GUISSONA-CLOSA,,,
GUISSONA-CLOSA,,,
PROGREEN ENERGY,,,
EL CARDIEL,,,
CENTRAL DE ARLANZON,,,
ALVARO ESPUNY,,,
"FIV-ONDULADOS, S.L.",,,
ENVASES URENA,,,
ALMACELLES - CENTRAL 2,,,
CERAMICA J.RUIZ E HIJOS,,,
MADERAS BETANZOS,,,
ALGAR DE MESA,,,
BELLPUIG,,,
SALLENT,,,
SESUE,,42.541242,0.470317
HOSPITAL UNIVERSITARIO TRIAS I PUJOL,,,
MADERAS DE TOURO,,,
MOLI DEN DAINA,,,
LA DESEADA,,,
MADERAS DE LEKEITIO 1 Y 2 FASE,,,
TIPMEGA,,,
LA PIZARRITA,,,
PATRONATO MUNICIPAL DEPORTES ALCOBENDAS,,,
SUROLAIT (1 MG),,,
SORIA INGENIERIA,,,
PROCESOS ECOLOGICOS CARMONA 1,,,
BETICA DE COGENERACION,,,
PAPELERA DE BRANDIA,,,
COGENERACION INDUSTRIAS ANGEL MARTINEZ LOPEZ,,,
IHABAR,,,
C.T.R. PALENCIA,,,
RIO TXABIER,,,
"TRIGEMER, SA",,,
MOLINO DE ALLO,,,
ECAY,,,
LARRAUN,,,
EGUILLOR,,,
ENERLASA,,,
OPEL ESPANA,,,
MOLINO DE MENCHU,,,
SALTO DE BONAR,,,
C.H.FAB. BOINAS LA ENCARTADA,,,
C.H. ZAZPITURRIETA,,,
C. H. TIJOLA,,,
C.H. DE CASTELO,,,
C.H. OROBIO,,,
COGENERACION TECNICAS DE NUTRICION,,,
FUENTE ALAMO V,,,
FUENTE ALAMO IV,,,
HOYA GARCIA (AMPLIACION DE LA RE-0071),,,
COGENERACION AMPO,,,
APROVECHAMIENTO HIDROELECTRICO  PORTOLIN,,,
"ECOLOGICA LAMARCA, II",,,
HINOJAR III,,,
BIOJAEN,,,
ORUJERA SIERRA SUR,,,
BECOSA VILLA DEL RIO,,,
CENTRAL DE CERRATO,,,
AGROALDEA COGENERACION S.L,,,
AKULAR ARGI S.L.,,,
CAMPOSOLILLO,,,
EDAR DE LOGRONO,,,
INSTALACION DE GENERACION ELECTRICA CON BIOGAS DEL VERTEDERO DE LOS RUICES,,,
INSTALACION DE GENERACION ELECTRICA CON BIOGAS DEL VERTEDERO DE LOS RUICES,,,
C.H. EL CALVET,,,
C.H. VALDELAGEVE,,,
LA RUDA,,,
"PAPELES Y CARTONAJES DE EUROPA, S.A.",,,
"PAPELES Y CARTONAJES DE EUROPA, S.A.",,,
LA FLOR,,,
LA CASTELLANA,,,
ANLLONES,,,
CERDEDO,,,
GANDARA,,,
C.H. CASTELLAS,,,
PLANTA DE COGENERACION,,,
MUSA V,,,
MOLI DEN MONEGAL,,,
COGENERACION SOLVIDA SANXENXO,,,
COGENERACION SOLVIDA SANXENXO,,,
I.F. LIGUERZANA 1,,,
PLANTA TRATAMIENTO  DE BIOMASA,,,
CAN FILTEX,,,
PLANTA DE SECADO TERMICO DE FANGOS EDAR,,,
CH RIO BAXOI O ANDURINA,,,
APROVECHAMIENTO HIDROELECTRICO CASTRO CALDELAS,,,
GRAU,,,
"VALORIZACION ENERGETICA DE GAS DE VERTEDERO, S.L.",,,
PARTIDA DONA MORTA,,,
SARRIOPAPEL Y CELULOSA,,,
CH SANT LLORENC DE MONTGAI,,,
CH SANT LLORENC DE MONTGAI,,,
CH CARBURS,,,
CENTRAL HIROELECTRICA DE GUARDA,,,
CENTRAL HIROELECTRICA DE MORATALLA,,,
LA LERA,,,
DOMIKO,,,
"AMPLIACION PAPELES Y CARTONAJES DE EUROPA, S.A.",,,
ENERGIA PORTATIL COGENERACION,,,
LA RABEYA,,,
FEITUS,,,
VIANA III,,,
LUGAR DEL RIO,,,
LUGAR DEL RIO,,,
LA MAMBLA,,,
GUALBA III,,,
EL ROSARITO,,,
EL VILLAR,,,
PROFUSA,,,
ALANGE,,,
AUREVAL,,,
USABAL,,,
ENERCRISA,,,
CG NUFRI-1,,,
CG NUFRI-1,,,
CG NUFRI-1,,,
NESTLE,,,
NESTLE,,,
NESTLE,,,
TALARN III,,,
SANT QUIRZE DE BESORA,,,
BAGA,,,
LA ALDEHUELA,,,
CG ESPUNA,,,
CG ESPUNA,,,
HOSPITAL DEL VALLE DEL NALON,,,
C.H. ARNOYA  (MODIFICADA 7-12-05),,,
IGARAN,,,
ARACENA,,,
PRESA DE LORIGUILLA,,,
"BAYER HISPANIA, S.A.",,,
TRATAMIENTO DE PURINES EL BONILLO,,,
TRATAMIENTO PURINES CONSUEGRA,,,
LADRILLOS LAS NIEVES,,,
PEDRO,,,
"MAIER, S. COOP",,,
FABRICA DE CREACIONES Y DISENO DE ESCAYOLA,,,
SORIA INGENIERIA BAENA,,,
MATADERO DE ZUERA,,,
INDUSTRIAS DEL UBIERNA,,,
RECUEJA,,,
RECUPERACION MATERIALES DIVERSOS,,,
COOSUR,,,
CAL METRE,,,
ERCETESA,,,
HOSPITAL SANTA ISABEL,,,
HORTA MEDIO AMBIENTE,,,
ISOCOLD,,,
CIERVES,,,
INDIPUNT,,,
LA ALJORRA-CARTAGENA,,,
MOLINO DE SUSO,,,
FINCA EL FELIPER,,,
JUANJO,,,
BECOSA-PALOS,,,
CERAMICA CUESTA VILA,,,
ARIZU,,,
TRADEMA COGENERACION,,,
BIOELECTRICA JIENENSE,,,
COGENERACION LADRILLERA LA MURCIANA,,,
MONTANERA,,,
SURRIBES,,,
TUNO I,,,
"MERCERIZADOS GUASCH, S.A.",,,
MERCADONA,,,
CABISCOL,,,
CERAMICAS CALAF,,,
FRIGORIFICOS DEL NOROESTE,,,
MIMSA,,,
EDAR GUADALETE,,,
COFRUSA COGENERACION,,,
MOVIALSA,,,
SAICA 3 Y AMPLIACION,,41.544164,-0.675767
SAICA 3 Y AMPLIACION,,41.544164,-0.675767
TRATAMIENTO DE PURINES EN BURUJON,,,
USARGOITI,,,
SICOGESA-CORCO,,,
PURON,,,
LA PAPELERA DEL FRESSER,,,
AEROPUERTO DE SONDIKA,,,
MUTRASA XIII,,,
ALITRASA XI,,,
LA RAPIDA N 3 DE FONTANAR,,,
SA LLENSA,,,
CERAMICA UTZUBAR,,,
PROYECTOS ENERGETICOS MB,,,
ENVIANDE,,,
COGENERACION AZUCARERA DE GUADALETE,,,
OXAGESA,,,
MIRAT,,,
SALTO NUEVO,,,
COGENERACION LOS MADRILES,,,
CERAMICAS HIJOS DE F.MORATAL AMPLIADA CON RE-4918,,,
LA GREVOLOSA,,,
HOSPITAL MATERNO-HOSPITAL CIVIL,,,
NUELGAS,,,
ERRAMONTXO,,,
IBARREA,,,
SANTACARA-CAPARROSO,,,
ECHAURI,,,
MUTRASA IV,,,
AREMUSA VIII,,,
ALITRASA IV,,,
C.H.CASTRELO,,,
CARANTONA,,,
SANTA EUGENIA 1,,42.912965,-9.122543
NESTLE-EV,,,
C. H. DE GALLUR (PROY. AMPLIAC. Y REHAB),,,
CAMPORRIONDI,,,
GRES LUNA,,,
CARNICAS PRISAN,,,
ECOENERGIA INTEGRAL,,,
MARCASA,,,
IRISCROM ENERGIA,,,
CAMPILLOS 2,,,
TORRECILLA I,,,
TRICALSA,,,
CERAMICAS MAYOR (AMPLIACION CV-117),,,
PLANTA DE PURINS D ALCARRAS,,,
MOLINO DE MARCILLA,,,
MAS DE LAS MATAS (REHABILITACION),,,
BIEFFE MEDITAL - TEC 94,,,
MYTA MADERUELO II,,,
CARPEMA,,,
TOP WASH,,,
GRANJA DE TORDOMAR,,,
TRATAMIENTO DE LODOS,,,
LLANARS,,,
MOLI NOU,,,
MADERAS MENDANA,,,
NOU SALTS,,,
GARGANTA ANCHA SALTO I,,,
ORALLO,,,
COMARCAL AGRICOLA CABRA 2,,,
COGENER. E.R.A.R. SUR MADRID (POT.MODIF. 7/1/03),,,
"CERAMICAS AZNAR, S.L.",,,
TRATAMIENTOS AMBIENTALES SIERRA DE TERCIA,,,
INDUSTRIAS PELETERAS,,,
MATAZORITA,,,
COALSEMA,,,
BROTHER-CAS,,,
LA ESCANDELLA,,,
COGENERACION DERMONT,,,
CERAMICA DE PUENTEAREAS,,,
CONSERVAS GARAVILLA,,,
LECHE PASCUAL,,,
BDF NIVEA,,,
VENTA DE ABAJO,,,
VOZMEDIANO,,,
VOZMEDIANO,,,
COGENERACION ONDAGEN,,,
COGENERACION ONDAGEN,,,
DUSEN,,,
DEPURADORA DE VALLADOLID (E.D.A.R.),,,
GRAUS,,,
EL SOTO,,,
PLANTA SOLAR TERMOELECTICA PS 10,,,
EUROATOMIZADO,,,
ARCONES,,,
EMBALSE DE ORDUNTE,,,
LES HORTES,,,
COLONIA YMBERN,,,
COLONIA ROSAL,,,
PARRAMON,,,
FABRICA NOVA,,,
CAL BASSACS (GIRONELLA),,,
SERINYA,,,
CAL CASAS,,,
CLOT DEL MORO,,,
SIRUSA (ANTES MANCOMUNIDAD INCINERACION R.U.),,,
ALMENAR,,,
FUENTERMOSA,,,
REQUEJADA,,,
OLATE,,,
ERROTABERRI,,,
BERDABIO,,,
NUESTRA SENORA DE LAS MERCEDES,,,
ALBERDIKOA,,,
LANDALUCIA,,,
COGENERACION INCUSA,,,
CH FOLCRA,,,
BALET I VENDREL,,,
XAUDIERA,,,
FRIGORIFICS ESTEVE RIERA,,,
CAN RIERA,,,
MOLINO DE ARRIBA,,,
C.H. LA ISLA,,,
SAN PEDRO,,,
UBAO-TOQUILLO,,,
OTSINVERDE,,,
CORDINANES,,,
PAPELERA DE CASTILLA,,,
CENTRAL HIDROELECTRICA EL GOLLIZNO,,,
INTERMALTA,,,
INTERMALTA,,,
ANTREL,,,
FONTSECA,,,
ZUFRISA,,,
VILANNA,,,
"ECOPARC DEL MEDITERRANI, S.A",,,
"COGENERACION 7,4 MW PARA TRATAMIENTO Y REDUCCION DE PURINES",,,
CULMASUR,,,
"ASFALTOS CHOVA, S.A.",,,
"SAT ANSO SECADO FORRAJE Y CEREALES(1900KW,28/10/03",,,
C.H. EN ALARCON,,,
TRATAMIENTO LODOS  COOPERATIVAS A. ALBACETENSES,,,
COGENERACION DE PURINES EN MONZON,,,
GEGSA I,,,
TENERIAS OMEGA,,,
ST. JAMES INDUSTRIAS,,,
HOSPITAL UNIV. VIRGEN DE LAS NIEVES,,,
PIENSOS CIMA - AREVALO,,,
APROVECHAMIENTO HIDROELECTRICO  LA INESUCA,,,
C.H. LA IBIENZA,,,
FUENTE ALAMO III,,,
POLIAMIDAS Y ALUMINIOS PENARROYA-PUEBLONUEVO,,,
C.H. CENTRAL DE ABAJO,,,
ANDASOL I,,,
SAICA 2,,41.544164,-0.675767
"CENTRAL DE COGENERACION DE FMC FORET, S.A. (FOREL)",,,
MENUZA,,,
EL CANAL,,,
SANTA MARINA,,,
NISERIAS,,,
VILACOBA,,,
CORCOESTO,,,
MERZA,,,
FECHA,,,
"CH MAURICI ROSET, 1",,,
MALAGARRIGA,,,
SALT CANET,,,
REYENVAS,,,
C.H. DE A MERCA,,,
C. H. DE CABALAR,,,
C.H. EL CANTO,,,
TRAMOSA,,,
CERAMICA ZARATAN,,,
MURGUES,,,
ALIER,,,
COGENERACION EL SALTO,,,
TIRMADRID,,,
BOVEDILLAS,,,
OLESA DE MONTSERRAT,,,
LOS NAVARROS,,,
C.H. VEGA DE CABALLEROS,,,
PLANTA TRAT.LODOS MONZON DE CAMPOS,,,
TRATAMIENTO DE VERTIDOS SALINOS EN LAVADO JAMONES,,,
C.H. AMERAUN,,,
"COMPACGLASS, S.L.",,,
EDAR BAJO BIDASOA,,,
C.H. PALANCAR,,,
C.H. DE PUENTE VILARINO,,,
ADS JUNEDA 2,,,
"COGENERACION DESALADORA DUAL, SL",,,
"CERM (INQUITEX, S.A.)",,,
C.H. TOURO (SALTO N 2),,,
PISCIFACTORIA LA GORGUITA,,,
LA DEHESA,,,
UNION INDUSTRIAL PAPELERA,,41.551169,1.683909
C. H. DE NARAIO,,,
CENTRAL DE ERROTABARRI,,,
ABLANEDA,,,
LATASA,,,
EL BATAN,,,
TABLICIA,,,
CALDONES,,,
LAMBREABE,,,
TRUCHAS DEL CINCA,,,
TRUCHAS DEL CINCA,,,
ENERSUR SIGLO 21,,,
ZORITA DE VALVERDON,,,
ENERVAP COGENERACION (UNIFICADA CON RE-1795),,,
GORMAZ,,,
COGENERACION C.D. AMAYA,,,
COGENERACION HOSPITAL GOMEZ ULLA,,,
CG ILERPROTEIN,,,
TECNOCAUCHO,,,
CH PENDIS,,,
CH MOLINOS,,,
MORENTIN,,,
CENTRAL HIROELECTRICA LA MURTA,,,
COGENERACION NESTLE SEVARES,,,
IRURZUN,,,
FINCA BARCILES,,,
MADERAS BESTEIRO,,,
RELCAMP,,,
SAMUEL SOLORZANO,,,
PENELLES,,,
HOSPITAL DE NAVARRA,,,
INDUSTRIAS ROKO,,,
INDUSTRIAS ROKO,,,
DORNA,,,
PAVASAL,,,
CH OSOR,,,
MOLI DE FOIX,,,
BERGA 1,,,
LANZAHITA,,,
COGENERACION BONDUELLE,,,
CH TRAVY,,,
ALOS DISIL,,,
TRINITAT,,,
CERAMICA EL PARAISO,,,
CH SERRADAL,,,
HOSPITAL ST.JAUME,,,
FLACA,,,
PERE VALLS,,,
ALMIBERIA,,,
CG LA MORAVIA,,,
CG LA MORAVIA,,,
EL CARMEN,,,
SALTO DE LABASTIDA,,,
TRATAMIENTO PURINES ALCAUDETE DE LA JARA,,,
APARTAMENTOS TUTELADOS ROCHAPEA S-16,,,
SALTO DE TUDELA,,,
REC DELS QUATRE POBLES (MODIF. POTENCIA 28/4/03),,,
SAN MARTIN II,,,
CRUANYES,,,
HIDROELECTRICA LA ISABELA,,,
PALMOLIVA 98,,,
CASA TEJADA,,,
SLIR,,,
C.H. RIO LANDRO,,,
SALTO DE PIEDRALAVES,,,
COGENERACION MINA ANA,,,
ROMERO ALVAREZ 1 (TEMPORAL),,,
TRATAMIENTO DE PURINES EN CAZANUECOS,,,
ENERALCO,,,
INDUSTRIAS LOSAN,,,
VALDUNO II,,,
CASA FELIX,,,
PLANTA TRATAMIENTO DE PURINES DE 25 T/H,,,
LORCA I,,,
REAL ENERGETICA,,,
LACTEOS DE NAVARRA,,,
OLEXTRA,,,
APROFURSA,,,
APROFURSA,,,
SAJUSA,,,
LERIN,,,
BAIDES,,,
MOLLET DEL VALLES,,,
IKAZTEGIETA,,,
CAILA & PARES,,,
CAILA & PARES,,,
BIOENERGIA SANTAMARIA,,,
COGENERACION DE COMPANIA ASTURIANA DE ARCILLAS,,,
TABICESA,,,
LA SOLEDAD,,,
JEMA CREACIONES INFANTILES,,,
PRODUCTOS CERAMICOS MORA,,,
POLO HERMANOS,,,
BECOSA BAEZA,,,
PLANTA DEPURACION AGUAS RESIDUALES,,,
ACEITERA DEL GUADALQUIVIR,,,
D. D. R.,,,
LOS JOAQUINES,,,
LORCA II,,,
MUSA IV,,,
GRANJA AVICOLA VILLASECA,,,
"GALLEGA DE RESIDUOS GANADEROS, SA",,,
CAMPOFRIO,,,
CAMPOFRIO,,,
CAMPOFRIO,,,
CAN LLANES,,,
CENTRAL HIDROELECTRICA DEL CHANZA,,,
VILAFRANCA DEL PENEDES,,,
COGENERACION GEMASA,,,
ARCILLEX,,,
DIAGONAL PLAZA,,,
SAN VICENTE,,,
ESCARRA,,,
MONTENARTRO,,,
HONORIO,,,
GLOBAL PLASMA ENVIRONMENT,,,
BUNUEL,,,
LORENTE,,,
SAN ANDRES,,,
SARRIA II,,,
SALTO DE VILLASECA,,,
PLANTA TRATAMIENTO PURINES UTIEL,,,
LA MORA,,,
AREMUSA III,,,
MUSA IX,,,
AREMUSA X,,,
ALITRASA II,,,
C.H. DE CAN PARAREDA,,,
OLVERA,,,
LA RIBERA,,,
SALTO 765,,,
LA FLECHA,,,
RASINES,,,
C.H. PORTODEMOUROS-CAUDAL ECOLOGICO,,,
HOSPITAL MANRESA,,,
EL CARBURO,,,
CASTELLBELL,,,
BERGA 3,,,
ELS SALTS,,,
ELS SALTS,,,
LA MOLA - AYTO DE LLAVORSI (MODIF. SUSTANCIAL),,,
HORTA,,,
TIERRA ATOMIZADA,,,
HIPERCOR,,,
MAPFRE,,,
LA CONCHITA,,,
SANTOLAZ,,,
OLLOQUI,,,
BUBONES,,,
QUINTANALUENGOS,,,
OLAKOAGA,,,
EZPALEO,,,
VALDESTILLAS,,,
MONTEFIBRE (GENFIBRE),,42.680935,-2.926047
VALDAJOS,,,
MONTECILLO,,,
COLONIA JORBA,,,
MATABOSC,,,
LAS MINAS,,,
LAS MINAS,,,
CERAMICA HERMANOS JEREZ,,,
MAINZU,,,
CH BARRANC DE BERASTI,,,
CH BARRANC DE BERASTI,,,
COROMINA,,,
TUNEL DE VIELMA-SESPLANS,,,
UARKA,,,
LA PENA (AMPLIADA CON RE-1114),,,
VILLABANEZ,,,
RIO BLANCO,,,
COGENERACION IURRETA,,,
COGENERACION IURRETA,,,
VALDELAGEVE,,,
LA BRENA,,,
CENTRAL HIDROELECTRICA DE BORNOS,,,
CANET-RABASSA,,,
AZULINDUS Y MARTI,,,
BIOASTUR,,,
BIOASTUR,,,
BIOASTUR,,,
COGENERACION SALONI,,,
PAPELERA DEL JARAMA,,,
C.H. PRULLANS,,,
"BELPLA, S.A.",,,
"TEC 94, S.A. Y SMURFIT ESPANA, S.A.",,,
ULL ROIG,,,
HOSTERIA CASTELLANA,,,
PASERTEX COGENERACION A.I.E.,,,
MADERAS SAN RAFAEL,,,
PORT VIGO,,,
VADILLOS,,,
"CENTRO INVESTIGACION Y TRATAMIENTO ONCOLOGICO, S.A",,,
"IDEAS Y PROYECTOS TIKARE, S.L.",,,
HOSPITAL TXAGORRITXU,,,
ESTUCER ENERGIA,,,
PATUEL-INTECSA,,,
COGENERACION DE ENERGIA GIJON,,,
CANAL DE ALMAZAN,,,
LACTEAS CASTELLANO LEONESAS,,,
SANT QUINTI,,,
COLONIA MOLI NOU,,,
GANADOS FOMPEDRAZA,,,
S.A.T. CITRICOS VALENCIANOS,,,
COGENERACION FRICOSA,,,
HOSPITAL DE SANTA MARINA,,,
SALTO DE MARINEJO,,,
WHISKY DYC,,,
"CERAMICA NULENSE, S.A.",,,
COGENERACION ESCAYOLAS DE LODOSA,,,
COGENERACION ESCAYOLAS DE LODOSA,,,
C.H. DE PRESA,,,
"TEC 94 Y CARTONAJES LEVANTE, S.A.",,,
MANUFACTURAS ESTAMBRE,,,
ALMACELLES - CENTRAL 3,,,
PUENTE NUEVO,,,
EL PUEYO,,,
INQUEVAP,,,
INQUEVAP,,,
CAN SABATA,,,
HOSPITAL DE CRUCES,,,
HERMANOS ORTIZ BRAVO III,,,
COGENERACION HIJOS J.C.HERNANDEZ II,,,
PROCESOS ECOLOGICOS VILCHES,,,
SAN MIGUEL,,,
CARNES ESTELLES,,,
PAQUITO BOIRO,,,
BIOENERGETICA EGABRENSE II,,,
CONUBEN,,,
CENTRAL DE ALMENARA,,,
MADERAS MONTERO,,,
CONGIZARDI S.L,,,
C.H. SAN PEDRO DE ARAIA,,,
SALTO DEL MARTINETE,,,
C.H. DE AREN,,,
SORIGUE,,,
ANDION,,,
C.H. NTRA. SRA. DEL MILAGRO,,,
FUENTE ALAMO I,,,
BIOENERGIA SANTAMARIA II,,,
"SALINAS BRAS DEL PORT, S.A.",,,
EDAR MATARO,,,
C.H. IRURA,,,
HIDROESCORON MINICENTRAL EN EL RIO ARBA,,,
MINICENTRAL HIDROELECTRICA 125 KW,,,
CIA. ENERGETICA PARA EL TABLERO,,,
PATA DE MULO,,,
"ATOMIZADAS ALCORA,S.A.-AMIZALSA",,,
"ATOMIZADAS ALCORA,S.A.-AMIZALSA",,,
CENTRAL DE ALMENARA,,,
INTZA,,,
NUESTRA SENORA DE ANGOSTO,,,
CAMPO,,,
COGENERACION BANERES,,,
ROZADIO,,,
MOLINO DE SAN ANDRES,,,
MOLINO QUINTANILLA DEL AGUA,,,
PLANTA INCUBACION AVICOLA,,,
PLANTA BIOETANOL BABILAFUENTE,,,
TORO,,,
C.H. LA COSTA,,,
S.A.T. QUIRANTE FRUITS,,,
SALTO DE LOS LEONES,,,
SOLVAY I,,43.376356,-4.042517
SANTA MARIA DE DULCIS,,,
BECEITE,,,
SAICA 1,,41.670358,-0.868817
ARIAS II,,,
LOUREDAL,,,
FERVENZAS,,,
LAS ROZAS DE VALDEARROYO,,,
CARBOEIRO,,,
AZULEJOS VIVES,,,
MARAZZI,,,
C.H. ALOS DE BALAGUER,,,
PONT VELL,,,
ULL ROIG,,,
C. H. SALTO VINIEGRA DE ABAJO,,,
CENTRAL HIDROELECTRICA EL BAYO,,,
MUSA II,,,
C.H. DE BOLUMBURU (AMPLIACION DE RE-0628/1),,,
COGENERACION SMURFIT NAVARRA-TEC 94,,,
LOSAN II,,,
C.H. IZBOR,,,
BIOTRACTAMENTS VILA-SANA,,,
BIOTRACTAMENTS VILA-SANA,,,
CENTRAL HIDRAULICA PANTANO DE BERMEJALES,,,
SALTO DE NAVAHONDA,,,
C.H. A PONTE,,,
"COGENERACION ALAVESA, S.L.",,,
CERAMICA ACUSTICA,,,
CIA ENERGETICA LAS VILLAS,,,
C.H. DE CUCAYO,,,
CERAMICA J.RUIZ E HIJOS,,,
CENTAL DE COGENERACION ESCOMBRERAS-MOYRESA GIRASOL,,,
COGENERACION SERRERIA DE IREGUA,,,
COGENERACION - PUEBLA ALMORADIEL,,,
VALDENOCEDA,,,
LECHE PASCUAL,,,
CH BERGA,,,
CH RIALB,,,
LACORZANA,,,
BIOSASIETA,,,
MOLINO EL BERRAL,,,
PISCIFACTORIA ALIAGA,,,
PISCIFACTORIA ALIAGA,,,
MIGASA - DOS HERMANAS,,,
AZPIROZ,,,
COTASA,,,
EL CASTRO,,,
GARCIA BAQUERO,,,
LA GLEVA,,,
BAUSEN,,,
C.H. RAMALLAL,,,
BEGET,,,
SANILLES,,,
"CORPORACION ALIMENTARIA PENASANTA, S.A.",,,
IRAUREGUI,,,
PINSOS TAGSA,,,
ALMOFREI,,,
FERTIBERIA,,,
C.H. MALARS,,,
LA COMA,,,
COGENERACION LA ESPINA,,,
HOSPITAL NUESTRA SENORA DE COVADONGA,,,
SAN DIEGO (AMPLIADA CON RE-1780),,,
HIGARES,,,
HIDROELECTRICA DE PINA,,,
"SULQUISA, S.A.",,,
EL MAQUILON,,,
PURINA ESPANA,,,
EL MOLI,,,
CERAMICAS MOLLA,,,
ERVISA,,,
KEROS CERAMICA,,,
IRIBAS,,,
TRATAMIENTO DE PURINES FUENSALIDA,,,
"MOLTUANDUJAR S.L. (COANSA COGENERACION DE ANDUJAR, S.A.)",,,
AZANON,,,
TRATAMIENDO LODOS EN MADRIDEJOS,,,
TRATAMIENTO DE PURINES EN VILLANUEVA DE LA JARA,,,
INDUSTRIAS ALEGRE,,,
JORGE I,,,
FABRICACION DE ENVASES INDUSTRIALES,,,
PLANTA DE SAN JORGE,,,
EMARSA - ESTACION PINEDO,,,
JORGE II - AMPLIACION,,,
ECYR MARTOS,,,
ECYR VILLANUEVA,,,
CERAMICA HISPANO-PORTUGUESA,,,
LA PELOTERA,,,
TRAINALBA II,,,
ANGULO GENERAL QUESERA,,,
VIGUETAS BERMA,,,
LORCA-2,,,
BUJARALOZ (2 FASE),,,
RUBER INTERNACIONAL,,,
HADASA,,,
EL MONEGRE,,,
ROS ROCA (PLANTA DE TITAGUAS),,,
COGENERACION FEIRACO (AMPLIADA CON RE-1627),,,
COGENERACION FEIRACO (AMPL. DE RE-00D-711),,,
MOLINO DE ALTZOLA,,,
LADRILLOS MORA,,,
CAOBAR,,,
CAOBAR,,,
ZAMUNON,,,
BECOSA BUJALANCE,,,
LA GILA,,,
SAN DIEGO (AMPLIACION RE-0069),,,
TRITURADOS PUERTO BLANCO,,,
LINASA,,,
LAVINTEX,,,
ECOPARC N 1,,,
LACUNZA,,,
CANADA DE ROMERO,,,
RIBESALBES,,,
MAL PAS,,,
LA ESCALINATA,,,
SEPIOLSA,,,
CENTRAL HIDROELECTRICA PANTANO DE CUBILLAS,,,
SAN RAFAEL,,,
FABRICA DE HARINAS,,,
COGENERACION HIJOS DE J.C.HERNANDEZ I,,,
COGENERACION HIJOS DE J.C.HERNANDEZ I,,,
UBAUN,,,
GURREA DE GALLEGO,,,
INDUSTRIA PAPELERA NESA,,,
HOSPITAL 9 DE OCTUBRE,,,
TECAMASA,,,
COGENERACION INCEDISA,,,
PEQUERA,,,
DANONE. S.A.,,,
MUSA V,,,
MUSA VI,,,
ALITRASA VII,,,
ALITRASA IX,,,
COGENERACION,,,
SOSSIS,,,
SASTAGO-I,,,
TUDELA,,,
SALTO 1060,,,
LA CORBA,,,
EL ROIG,,,
HOSPITAL DOCTOR JOSEP TRUETA DE GIRONA,,,
PONT DE VILOMARA,,,
IGLESIAS,,,
FABRICA PAPER,,,
EDINJA,,,
PARC DEL SEGRE,,,
GUALBA II,,,
COLONIA PRAT,,,
CG EUROHUECO,,,
COLLET,,,
"ATOMIX, S.A.",,,
ESTREMERA,,,
AITZETARTE,,,
ARTIGAS,,,
LA CHORRONERA,,,
FROMISTA,,,
ONCE PARADAS,,,
ABALOZ,,,
C.H. LA PLANA,,,
SANT ANTONI,,,
RIERA MOLINE,,,
FABRICA INDUSTRIAL CARTONERA MENGIBAR-SMURFITT KAPPA ESPANA S.A.,,,
TUNEL DE VIELHA-DRENATGES,,,
PLAGICAS,,,
SALTO DE LA GUERA,,,
FAGOLLAGA,,,
LA LORA,,,
BOLUBARRI,,,
EL HOYO,,,
AZUCARERA DEL DUERO,,,
COGENERACION ENERGYWORKS,,,
VIEJAS,,,
PUIG Y FONT,,,
LA CORTADA,,,
PLANTA DE TRACTAMENT DE PURINS ISONA,,,
MUSEU DE CAN SANGLAS,,,
CERAMICA LLANOS AMPLIACION,,,
CERAMICA LLANOS AMPLIACION,,,
TUREGANO,,,
GALICIA TEXTIL,,,
PROCESOS ECOLOGICOS,,,
PISCINA MUNICIPAL CLIMATIZADA,,,
CHINCHA,,,
MOLINO DE URDANIZ,,,
BEKO-ERROTA,,,
PINTURAS CATAFORESICAS,,,
OLAVERRI,,,
VERTEDERO DE VACARISSES,,,
COLOROBBIA ESPANA,,,
ABENGOA SERVICIOS URBANOS,,,
REYDE,,,
BALCABIN,,,
CALSECA,,,
BIERGE,,,
REMIGIO-MARIANO GOSALVEZ,,,
EL GORGOL,,,
TECNICAS DE COGENERACION DE SILLA,,,
VALVERDE DEL MAJANO,,,
NAVAS DE ORO,,,
INDUSTRIA DE TRATAM. PURINES EN ALTORRICON,,,
C.H. DE SEGADE,,,
PLANTA DE COGENERACION ASERPAL,,,
INDUSTRIAS DEL TABLERO,,,
QUART,,,
COGENERACION CRIPRIANO CASTELLO ALFONSO,,,
RAIMAT - CENTRAL 7,,,
ALCARRAS - CENTRAL 9,,,
GUARRO CASAS,,,
COMERCIAL AYMERICH,,,
PREBESEC,,,
COGENERACION BRILEN,,,
CENTRAL HIDROELECTRICA EL RUMBLAR,,,
MAGUNAS,,,
CERAMICA TUDELANA,,,
TEDELCHE,,,
CASTILSERAS,,,
IPARLAT,,,
LONASA PINTO,,,
AZULEJOS Y PAVIMENTOS,,,
PROCESOS ECOLOGICOS CARMONA 2,,,
SICOGESA CAMPILLOS 1,,,
SICOGESA CAMPILLOS 2,,,
EDAR DE BANYOLES,,,
GALTZARABURU,,,
DESIMPACTE DE PURINS VOLTREGA,,,
TRACJUSA,,,
C.H. TALAVERA,,,
AZUCARERA MONTERO,,,
CAMPUS SUR,,,
CIATESA,,,
C.H. DE PESQUEIRAS,,,
BIOELECTRICA JIENENSE,,,
REGATA ETXALAR,,,
SARTAGUDA,,,
AGOZPE,,,
ZALDU,,,
LLADRO,,,
RIOSEQUILLO,,,
EL BATAN,,,
JUAN LINUESA DIAZ,,,
C. H. AHEDILLO 2,,,
PLANTA DE GIRASOL,,,
DEPURADORA DE AGUAS RESIDUALES LOIOLA,,,
C.H. PIE DE PRESA,,,
PORMA,,,
"TURIA COGENERACION, S.A.",,,
VERTEDERO ALCALA DE HENARES,,,
EDAR DE MONTORNES,,,
ONDUPACK,,,
"EPIFANIO CAMPO, S.L.",,,
COG.CENTRO COMERCIAL LAS CANAS,,,
VALDESPARTERA,,,
LA MOZOLA,,,
LA CUEVA,,,
MOINSA,,,
MOINSA,,,
TEVERGA,,,
LA DEGOLLADINA,,,
SALUNI,,,
SOTILLA,,,
POMBEIRO,,,
CURRAS,,,
PRESA DEL REY,,,
INACSA,,,
VILADOMIU,,,
ANGULO GENERAL QUESERA,,,
NUEVOS PRODUCTOS CERAMICOS,,,
PL.TR.PURINES CON CENTRAL COGENERACION,,,
MUSA IV,,,
CIA. ENERGETICA PUENTE DEL OBISPO,,,
COGENERACION CERABRICK,,,
P.COGENERACION SOGAMA,,,
PLANTA  TERMOELECTRICA DE APROVECHAMIENTO DE RESIDUOS SOLIDOS URBANOS DE SOGAMA,,43.171214,-8.440952
C. H. SALTO N 1 CENTRAL DE BRANDARIZ,,,
VERTEDERO DE ALCAZAR DE SAN JUAN,,,
CENTRAL HIDROELECTRICA CONTRASTA,,,
CERFASA,,,
GAIZKA AURTENECHE LANDA,,,
C. H. XALLAS,,,
PLANTER LEVANTE,,,
PLANTA VINAZAS DESTILERIAS DYC,,,
"SALINERA ANANA, S.L.",,,
OLCESA,,,
IQA,,,
INDITEX,,,
INDITEX,,,
GARONA VERDA,,,
CERAMICA LA ANDALUZA DE BAILEN,,,
ANARBE,,,
C.H. SASTRE BARAT,,,
CH FILATS,,,
CH MOLI,,,
TAULELL - PLANTA PAVIMENTO N2,,,
TAULELL - PLANTA DE REVESTIMIENTO N3,,,
C.H. A DEVESA,,,
"NEOELECTRA MENGIBAR MAQUIZ, S.A.",,,
ELORDI,,,
RIO PIRON,,,
LOS ANGELES,,,
EDAR RUBI,,,
LANGA DE DUERO,,,
COGENERACION PRODOSA-LA LUISIANA,,,
"GENERACION PENINSULAR, S.L.",,,
ARATXES,,,
NUEVA CERAMICA CAMPO,,,
MALTRANA,,,
AHEDILLO,,,
PESCANOVA CHAPELA,,,
COLONIA GOMIS,,,
VILADOMIU MARCAL,,,
BAYER,,,
BAYER,,,
MOLLO,,,
CG ALCOVER,,,
TEA I,,,
PAPELERA DEL PRINCIPADO (ANTES COG. DEL PLA),,,
PAPELERA DEL PRINCIPADO (ANTES COG. DEL PLA),,,
ALKIZA,,,
SATI COGENERACION AIE,,,
BARBELLIDO,,,
ARENYS EMPORDA,,,
BALSARENY,,,
ANCIN,,,
ALABE-FORET,,,
SANTA LLUCIA,,,
SASTRE,,,
CERAMICA LA MINILLA (ANTES COGENERACION SOMAPRE),,,
BONMATI,,,
LA PLANA,,,
COLONIA PERNAU,,,
BAUCELLS COGENERACION,,,
HARINAS VAZQUEZ,,,
HONGOS DE LA JARA,,,
TRATAMIENTO DE PURINES SALVACANETE,,,
ANDRES SANCHEZ PLAZA,,,
"EUROPEA DE COGENERACION, S.A.",,,
TRATAMIENTO DE PURINES EN MANZANEQUE,,,
LA PENA II (AMPLIADA CON RE-0663),,,
PE DE VINA,,,
CERAMICA MILLAS E HIJOS,,,
VERTEDERO DE CAN MATA,,,
BUBAL I,,,
ROMERO ALVAREZ 2 (TEMPORAL),,,
CARCASTILLO,,,
TRATAMIENTO DE PURINES EN PELABRAVO,,,
CONSELLERIA DE SANIDAD - HOSPITAL LA PLANA,,,
MADERAS PEDRO MARCOS MARIA,,,
BARRI DE FLUVIA,,,
TRAINALBA,,,
TRUCHAS FUENTERMOSA 1 FASE,,,
CELYTEX (AMPLIADA CON RE-3050),,,
EUROATOMIZADO (2 TURBINA),,,
COGENERACION PARAJE ALCANARA,,,
UTISA (COGETALSA),,,
BLANCA,,,
CENTRAL N 14 DEL CANAL DE ARAGON Y CATALUNA,,,
EMBALAJES Y CAJAS,,,
HERMANOS ORTIZ BRAVO I Y II,,,
CENTRAL HIDROELECTRICA GUADALHORCE-GUADALTEBA,,,
LANDA EDER,,,
OHL,,,
HIDROELECTRICA DE LA ISABELA,,,
CERAMICAS DEL SURESTE,,,
CELIS,,,
SMURFIT- POL.IND. CAN CASTELL,,,
PARQUETS HERNANDEZ,,,
MADERAS PETEIRO,,,
FERTIMOLINA,,,
GRABISA,,,
CENER I,,37.304832,-6.863907
INDIPUNT,,,
MADERAS FRANCISCO IRIZAR,,,
FUNDACION ESTADIO SOCIEDAD DEPORTIVA,,,
BP OIL ESPANA - ESTACION DE SERVICIO ISIDORO,,,
EL HORCAJO,,,
CERAMICA PENAFIEL,,,
LOMINCHAR,,,
MONTEVIVE,,,
APROVECHAMIENTO HIDROELECTRICO DEL RIO BESAYA,,,
C.H. PEDRO ORTIZ RAMOS (ANTES SALTO DE MONTEARAGON,,,
CASTELLGALI,,,
SURIA,,,
ROSSELLO,,,
CAN BADIA,,,
CABDELLA AUXILIAR,,,
VALLESPIR,,,
CAOLESA,,,
CG C.E. HOSPITALET NORD,,,
CG C.E. HOSPITALET NORD,,,
HOSPITAL GENERAL,,,
GLOBAL PLASMA ENVIRONMENT,,,
MURILLO,,,
ARLAS,,,
BIURRANA,,,
GARDE,,,
COGENERACION COREN,,,
COGENERACION COREN,,,
EL ATAZAR,,,
AREMUSA VI,,,
AREMUSA IX,,,
ALITRASA I,,,
ALITRASA V,,,
SALT DEL MOLI VELL DE BELLPUIG,,,
ECOPARC-2,,,
GELSA,,,
C.H. BARREIRO,,,
QUINTANA DEL PUENTE,,,
SARDON BAJO,,,
VILACHAN,,,
EL COTERILLO,,,
C.H. NOVO PINDO,,,
"COG.FORRAJES DE RIBAFORADA, S.L.",,,
C. H. DEL VOLTREGA,,,
C.H. PLANTA DA TREITA,,,
AUXILIAR TEXTIL RIBA,,,
CARBONES,,,
COLONIA RIU,,,
LA BAUMA,,,
PONT CABRETA,,,
TORRAS HOSTENCH,,,
LA FARGA,,,
PLANTA INCINERADORA TRARGISA,,,
ESPONELLA-B,,,
CAN CANALS,,,
SURRIBES,,,
GRIDO,,,
MINERA CATALANO-ARAGONESA,,,
MINERA CATALANO-ARAGONESA,,,
"ARCILLAS ATOMIZADAS, S.A.",,,
"ARCILLAS ATOMIZADAS, S.A.",,,
"ARCILLAS ATOMIZADAS, S.A.",,,
"ARCILLAS ATOMIZADAS, S.A.",,,
ATOMIZADORA,,,
CLARIANA,,,
CLARIANA,,,
PEDRUZO,,,
LAUPAGO,,,
PETRONOR-1,,43.326125,-3.107429
EL VERGUERAL,,,
BERTXIN,,,
ERENOZU,,,
BOLUMBURU (AMPLIACION CON RE-0628/2),,,
CH SENTMENAT,,,
LOS BATANES-IB,,,
MOLINO DEL CANAL (SAFONT),,,
FABRICA FORJADOS GRANADINOS,,,
CERAMICAS MIRA,,,
CERAMICA ESPIRITU SANTO,,,
AGLOMERADOS ECAR,,,
TERRACUITA JORBA,,,
CAN POC OLI,,,
INTERBON,,,
BOCAREDO Y AMPLIACION,,,
BOCAREDO Y AMPLIACION,,,
MAIRE,,,
ANDRONDEGUI,,,
BIOSANMARCOS,,,
BIOSANMARCOS,,,
EL CAMPO,,,
SALTO DE YEGUAS,,,
ARTESA DE SEGRE (AMPLIADA 28-10-2002),,,
PAPELERA ROMANI,,,
SEBASTIA-FACUNDO,,,
NUFRI,,,
ALABE - CARTOBOX,,,
UNIVERSITAT DE VALENCIA,,,
RESTANO,,,
CIATESA,,,
LOS TILOS,,,
LA RUIDERA,,,
LA HERRERIA,,,
PLANTA SECADO TERMICO DE LODOS E.R.A.R. DE BUTARQUE,,,
MOLINO DE HUERTAS,,,
CERAMICA SALONI 2,,,
CERAMICA DOBON,,,
COGENERACION CREVILLENTINA AIE,,,
POLIDEPORTIVO DE LEGAZPIA,,,
CANADA 1 FASE,,,
SORT,,,
MOLI DEL SART,,,
SHIONOGI QUALICAPS,,,
HOSPITAL DE SAN ELOY,,,
HOSPITAL DE SAN ELOY,,,
HIPERCOR,,,
SANTA MARIA DE LA MAVE II,,,
ECOTRANS,,,
ESASA,,,
ESASA,,,
PROMOTORA DE INDUSTRIAS CERAMICAS,,,
COGENERACION GIROAGA,,,
COGENERACION INSUINA,,,
TRANSALFALS&LA VISPESA,,,
COGENERACION KAUMAN,,,
HOSPITAL DE BASURTO,,,
HOSPITAL DE BASURTO,,,
"PUERTO LUMBRERAS ENERCORR XXI, S.L.",,,
IBERPURIN,,,
TRATAMIENTO Y REDUC. PURINES EN FONZ,,,
HORNILLOS DE ERESMA,,,
PROLACTEA,,,
ALMUDEVER ROSELLO HERMANOS,,,
RAIMAT - CENTRAL 5,,,
MECALUX-CORNELLA,,,
MECALUX-CORNELLA,,,
MECALUX-CORNELLA,,,
COGENERACION UNEMSA,,,
COGENERACION UNEMSA,,,
GESPAL LA PALOMA,,,
BADARAN,,,
ERDOIZTA,,,
INCOGEN (AOIZ),,,
INCOGEN (AOIZ),,,
INURRIETA- GARES,,,
FERRE ENERGIA,,,
SALTO DE CAPARROSO,,,
COGENERACION NISA,,,
AYUNTAMIENTO DE SADA,,,
GRES DE VALLS (FACTORIA N 2),,,
ENERLASA,,,
TUNO II,,,
RIO DEVA,,,
C.H. ARLUCEA,,,
C.H. EL BARCO,,,
"ECOPARQUE DE LA RIOJA, S.L.",,,
C.H. SAN FRANCISCO JAVIER-MARIA LETICIA,,,
TRATAMIENTO DE PURINESY COG. DEL TORICO,,,
REHABILITACION C. H. RIVERA II,,,
REHABILITACION CENTRAL HIDROELECTRICA DE  HUERTO,,,
SAICA 4,,41.544164,-0.675767
TRITURADOS PUERTO BLANCO,,,
TRATAMIENTO Y REDUCCION DE  LODOS DE ALGAS,,,
"SOLUZIONA INGENIERIA, S.A.",,,
CENTRAL DE LA FABRICA DE BOINAS LA ENCARTADA,,,
FABRICA TEXTIL FILPUR,,,
CENTRAL DE UZQUIZA,,,
BIOETANOL GALICIA,,,
CAN BOTA,,,
NAVALLAR,,,
MARIA DOLORES,,,
PENA DE BEJO,,,
PAPELERA DEL ORIA,,,
CERANOR 2,,,
VILLASUSO,,,
PLANTA DDP GUARDO,,,
C.H.  DE LEDESMA,,,
C.H. XIBERIA,,,
MADERAS MANUEL VILLAMOR,,,
ATLANTIC COPPER. S.L.U.,,,
CERAMICAS MOLLA (AMPLIACION),,,
C.H. GERMANS BASSAS FERRER,,,
CH ARROIBAR,,,
"GRESPANIA, S.A.",,,
VERTEDERO DE RSU DE NUEVA RENDIJA,,,
"COGENERACION PARA INDUSTRIA PAPELERA DE CAVLO, SL",,,
BERBEGAL,,,
ODINA,,,
PUERTO,,,
CHUSCO,,,
FINSA-SANTIAGO,,,
FEIXA I,,,
CONFIREL,,,
CONFIREL,,,
COMAMALA,,,
COGENERACIO CRACKER ETILE,,,
ANGLES,,,
CERAMICAS PRINCEP,,,
C.H.  SAN XUSTO,,,
COGENERACION MADERAS IGLESIAS,,,
CASA TORRES AMAT,,,
C.H.  DE ARQUILLOS,,,
C.H. GALLIFA,,,
SALTO DE HUSILLOS,,,
C.H. DE GAXATE,,,
C.H. RIALB 2.,,,
CH FARINERA DE BELLVER,,,
SILICIO SOLAR,,,
PLANTA RECUPERACION ENERGETICA,,,
CORESES 60,,,
OLALDEA I,,,
RESILIENCIA INVERSIONES (RODECAN),,,
AGRICOLA MONTARGULL,,,
"INMOBAL, SA",,,
FORSEAN BRETOS II,,,
LA MUELA,,,
CH LES MARCETES,,,
CH GUARDIOLA,,,
ARMAURRI,,,
ARMAURRI,,,
LA CONFIANZA,,,
SALTO DE LA VILLA,,,
MADERAS DE SIERO,,,
SAN JUAN DE MURO,,,
"KERABEN, S.A.",,,
CG SEAT,,,
CG SEAT,,,
LA SEBASTIANA,,,
EDAR DE IBI,,,
AGREDA,,,
ENERGIAS AVANZADAS NUMACO,,,
VALDRIZ,,,
UNDURRAGA,,,
HOSPITAL GENERAL DE CASTELLON,,,
COCARGA,,,
DEPURADORA BAIX LLOBREGAT,,,
SAN FERNANDO,,,
INDUSTRIAS ANGEL MARTINEZ LOPEZ - AMPLIACION,,,
ALITRASA X,,,
LA RAPIDA N 2 DE FONTANAR,,,
C.H. LA FUENSANTA,,,
CERAMICA CUATRO PALOMAS,,,
HARINAS DE MADERA,,,
CASTRO,,,
SAN BARTOLOME,,,
COGENERACION ATOMCER,,,
SANTA LUCIA,,,
VISCOFAN,,,
VISCOFAN,,,
VISCOFAN,,,
VISCOFAN,,,
VISCOFAN,,,
VISCOFAN,,,
CH BRUTAU I,,,
C.H. MONISTROL,,,
MOLINOS DE CASTILLA,,,
PUENTES VIEJAS,,,
CASTRO CALDELAS,,,
VALLFOSCA,,,
COLLET,,,
AUXILIAR TEXTIL RIBA,,,
PARDINES,,,
S.A.T. 1039,,,
NOEL,,,
CEBOLLA,,,
ANSERALL,,,
ALIGUER,,,
LOS COTRILES,,,
LA FERNANDINA,,,
URROZ,,,
C.H. PENEDA  (MODIFICADA 7-12-05),,,
BUICIO,,,
ZUFRE,,,
SICOGESA,,,
EL CAMPO II,,,
TRATAMIENTO DE PURINES OSA DE LA VEGA,,,
TRATAMIENTO DE PURINES DE POLAN,,,
SORIA INGENIERIA MONTURQUE,,,
SORIA INGENIERIA PEDRO ABAD,,,
OLABARRI,,,
OLABARRI,,,
COMPLEJO HOSPITALARIO DE ZORROAGA,,,
COGENERACION PUMADE,,,
FABRICA DE PIENSOS CUARTE,,,
PRESA DE SANT PONC,,,
SOLVAY MARTORELL,,,
SANTO ROSTRO COGENERACION,,,
ENERGIA Y SECADO,,,
TERDON COGENERACION,,,
"TROIL VEGAS ALTAS (3ER. GRUPO  EN RD436, 4/4/05)",,,
CERAMICA TECNICA DE ILLESCAS,,,
HOSPITAL MONTE SAN ISIDRO,,,
SINAE ENERGIA Y MEDIO AMBIENTE,,,
SUEROS DE GALICIA,,,
O REXO,,,
LECHE CELTA,,,
LA ALJORRA-CARTAGENA,,,
INDUSTRIAL QUESERA CUQUERELLA,,,
PARAJE LOS BUCANOS,,,
POLISILK,,,
VIUDA DE MIGUEL ARENAS,,,
COVAP,,,
COVAP,,,
HERREROS - AMPLIACION,,,
TEMPLEOLIVA,,,
NUEVAS ATOMIZADAS,,,
ECOCARBURANTES,,,
DANIEL AGUILO PANISELLO,,,
"POLISUR 2.000, S.A.",,,
ESQUIROZ,,,
REPSOL QUIMICA (COGENERACIO 1) EL MORELL,,41.198586,1.223178
GROBER,,,
LA ESPERANZA,,,
ALDABA,,,
"ELECTRO MARIOLA, S.L.",,,
LA VALL DE VIANYA,,,
C.H. CATEX  MOLI,,,
C.H. CATEX  MOLI,,,
COBANE A.I.E.,,,
MATA DE PINANA,,,
LA CORBATERA,,,
LA CUBIA,,,
MONTEGUT,,,
PISCINA MUNICIPAL,,,
PISCINA,,,
MARTIS,,,
PLANTA INCINERADORA,,,
PLANTA INCINERADORA,,,
HOSPITAL VALL DHEBRON,,,
MON-ALC,,,
PAPELERA PENINSULAR,,,
CAMPORREDONDO,,,
PENA CORADA,,,
ARRAMBIDE,,,
LAMIATEGUI,,,
LASTAOLA,,,
SOLLANO,,,
ALTUNA TXIKI,,,
OROBIO,,,
MUSTAR,,,
FINSA PADRON,,,
FINSA PADRON,,,
FINSA PADRON,,,
COGENERACION CERAMOSA,,,
SANTA MARIA DE MAVE,,,
TIOXIDE EUROPE S.L.,,,
HOZ SECA,,,
LA ROCHA,,,
HERREROS,,,
INDUSI,,,
SAN LORENZO II,,,
LAS LUISAS,,,
RIBOTA,,,
MASUSTANEGICO,,,
EGUILUZ,,,
AZUCARERA DE LA BANEZA,,,
RIOSCURO,,,
CENTRAL HIDROELECTRICA DE LOS HURONES,,,
COGENERACION SAMPEDRO,,,
COGENERACION SAMPEDRO,,,
FIBRACOLOR,,,
SALTO DE VILLAVERDE,,,
PAMESA,,,
PAMESA,,,
COGENERACION MILLENIUM BARCELONA,,,
PLANTA DE BIOMETANITZACIO DE CAN BARBA,,,
TERMOTEC,,,
ECOFRUIT DESIMPACTO,,,
CELGA,,,
PAPELERA GUIPUZCOANA,,,
CAMPO BRICK,,,
C.H. LIGUERZANA,,,
CAMPILLOS 1,,,
SICOGESA,,,
TORRECILLA II,,,
LA ZAIDA,,,
SELGA DE ORDAS,,,
HOSPITAL COMARCAL DEL BIDASOA,,,
TAMBRE - PIE DE PRESA,,,
LA CERAMICA,,,
ANODIZADOS DE SABON,,,
3GW ENERGIA ATLETICA,,,
EL PERUCHO,,,
GRANJA DE MILAGROS,,,
COGENERACION GALESA,,,
COGENERACION GALESA,,,
ARAGOSA,,,
CARLOT,,,
XERTA,,,
ENERGIA Y SECADO,,,
CERAMICA J.Y P. BALAGUER,,,
"PORVASAL, S.A. (ANTES PRODASAL)",,,
"URGELL ENERGIA, S.A. (ACEITES BORGES)",,,
LEYCESA,,,
CG CERVEZAS DAMM,,,
MADERAS CAJARAVILLE,,,
"RELECO SANTIAGO, AIE",,,
CENTRAL DE COGENERACION INVERNADERO PARA CULTIVO HIDROPONICO DE FORRAJE,,,
EL MOLINO DEL PUENTE,,,
CENTRAL HIDROELECTRICA CARCAR,,,
TRANSAFALS LA VISPESA,,,
CLINICA CENTRO,,,
"UBE CHEMICAL EUROPE, S.A.",,,
CONVA,,,
TABACALERA,,,
CAMPILLOS,,,
ENESVAL,,,
COGENERACION,,,
MUTRASA III,,,
MUTRASA V,,,
ALITRASA III,,,
PLANTA DE TRACTAMENT DE PURINS AGRAMUNT,,,
PUENTE OLVEIRA,,,
PINDO (EZARO),,,
NAVA,,,
BOCOS,,,
VALDUNO I,,,
C.H. SANTA EULALIA DE TABARA,,,
NUEVA ELECTRICIDAD DEL GAS,,,
URZAINQUI,,,
ARANAZ,,,
ANTIGUA FABRICA GOSSYPIUM,,,
CAVLO,,,
EL PORTET,,,
GUIXERS,,,
MOLTO ENERGIA,,,
ESTACION DEPURADORA DE AGUAS RESIDUALES DE ALCOY,,,
C.H. NAVAPALOS,,,
C.H. JUAN MORO,,,
C.H. EL GARRIDO,,,
FUENTE ALAMO II,,,
PURINARSA TRATAMIENTO DE PURINES,,,
VINIBASA,,,
"ARCILLA BLANC A, S.A.",,,
"ARCILLA BLANC A, S.A.",,,
"COG. CERAMICA ESPIRITU SANTO, S.A.",,,
TRATAMIENTO Y REDUCCION DE LODOS,,,
ANDASOL-2,,,
MOLINO DE SAN FELICES,,,
MIRA ENERGIA,,,
MOLINO DE GETINO,,,
C.H. EL MOLINO DE SUSO,,,
C.H. COLONIA CORTES,,,
CURTIDOS MARE NOSTRUM,,,
COGENERACION CERATRES,,,
ALMENARA DE TORMES,,,
"ROQUETTE LAISA ESPANA, S.A.",,,
"ROQUETTE LAISA ESPANA, S.A.",,,
"ROQUETTE LAISA ESPANA, S.A.",,,
COGENERACION MOTRIL,,36.73162,-3.542398
PELIGRENENE S.L,,,
RECUPERACION MATERIALES DIVERSOS,,,
LORCA-2,,,
"SERVICIO DE COGENERACION, S.L.",,,
CAMPUS NORTE,,,
SANTA EUGENIA 2,,42.912965,-9.122543
PLANTA TRATAMIENTO PURINES ALMAZAN,,,
EL MOLINO,,,
ENATE,,,
EL RIO,,,
MURIAS,,,
LAS AGUERAS,,,
HUERNA,,,
LA EMILIANA,,,
MANDEO-ZARZO,,,
MOLINO DEL PRADILLO,,,
CHIMPARRA,,,
VILADOMIU NOU,,,
GUIXA,,,
ALFARRAS,,,
MOLI CERVIA,,,
BIOENERGETICA EGABRENSE-CABRA,,,
EDAR BAJO BIDASOA,,,
C.H. DE FRAGOSO,,,
C.H. DE LOUREIRO,,,
ADS JUNEDA 2,,,
SECADO MADERA GOJAIN,,,
C. H.  AVIA,,,
PATALA,,,
NAVASTUREN,,,
HOSPITAL DE SANTIAGO,,,
ANSERALL III,,,
VENTACHURI,,,
COGENERACION ASTIGARRAGA KIT LINE,,,
SIFON DEL SEGURA,,,
GRANJA LA LUZ,,,
SALTO DE VADOCONDES,,,
EL NAVAZO,,,
SANT BENET,,,
ARENAS MUNORREDONDO,,,
COGENERACION VERTEDERO DE GARDELEGUI,,,
CH EL CAIRAT,,,
CH PONTS,,,
LA RECUEJA,,,
ONTE,,,
CENTRAL HIROELECTRICA DE MOLINOS,,,
QUESOS FRIAS,,,
PLANTA DE GAS DE ACERIA,,,
LOS BATANES,,,
ZUDAIRE,,,
LA FLECHA,,,
LSB-POLIGENERACION,,,
PLANTA COGENERACION BECOSA -FUENTE PIEDRA,,,
PORCELANOSA,,,
PAPELERA GUIPUZCOANA,,,
AGROENERGETICA DE ALGODONALES-PALENCIANA,,,
GASPAR PERAL Y CIA,,,
CERAMICAS CASAO,,,
RESIFOR,,,
RESIFOR,,,
TABLEROS TRADEMA,,,
GESTOLIVA,,,
ALGODONALES,,,
CESPA - SANTA MARIA DE PALAUTORDERA,,,
CESPA - SANTA MARIA DE PALAUTORDERA,,,
INVETEM MEDITERRANEA,,,
SERGATRA,,,
ALVARO ESPUNY,,,
CERAMICA NULENSE,,,
CENER II,,37.304832,-6.863907
"D.M.T.96, S.A.",,,
VERTEDERO DE VACARISSES - AMPLIACION,,,
E.D.A.R. CABEZO BEAZA,,,
COGENERACION  POSTENSA,,,
EXTRAGOL,,,
PROCESOS ECOLOGICOS LA OLIVA,,,
"BECOSA BIOMASA DEL  GENIL, S.A.",,,
"VALDEMINGOMEZ 2000, S.A.",,,
"HERA AMASA, S.A.",,,
PLANTA DE VALORIZACION ENERGETICA DE BIOMASA  PR.,,,
C. E. DE ZOREDA (AMPLIACION RE-0227),,,
EDAR SALAMANCA,,,
CONSORCIO DE AGUAS,,,
"GRECAT, S.A. (ANTES P.  INCINER. RESID. ESPECIALES",,,
COMPANIA ENERGETICA PARA EL TABLERO,,,
TORRECILLA,,,
PLANTA DE ENERGIA ELECTRICA - BIOGAS - VERTEDERO,,,
PLANTA DE ENERGIA ELECTRICA - BIOGAS - VERTEDERO,,,
PLANTA DE ENERGIA ELECTRICA - BIOGAS - VERTEDERO,,,
COGENERACION EN PLATAFORMA LOGISTICA DE INDITEX,,,
DEPURADORA DE AGUAS RESIDUALES,,,
CERAMICAS MAYOR,,,
CERAMICA ALCALA VILLALTA,,,
PLANTA BIOMASA INVERNADERO,,,
SINAE,,,
EMSSA-GAVA,,,
PALENCIANA (AMPLIACION),,,
PLANTA BIOMASA DE ALVINESA,,,
TRACJUSA - ADS DE JUNEDA,,,
CANADA HERMOSA,,,
METARNHEL,,,
LA LOMA,,,
BAMIPAL,,,
PLANTA TRATAMIENTO PURINES EN VILLANUEVA DE GALLEG,,,
FENOSA BIOMASA,,,
INELBA,,,
BIOELECTRICA JIENENSE,,,
BIOMASA EMTE,,,
"IDAE-AGROVERT, S.L.",,,
INQUEVAP I (AMPLIACION INQUEVAP),,,
UCOGAL,,,
"EBAKI XXI, S.A.",,,
LA PLATERA,,,
COREYSA COGENERACION S.A.,,,
PLANTA GENERACION ELECTRICA BIOGAS VERTEDERO R.S.U. ABANILLA(AMPLIACION),,,
EDAR SABADELL-RIU RIPOLL,,,
CERAMICA ANDALUZA DE JAEN,,,
COGENERACION VIDRIEROS,,,
CERAMICA A.PADILLA,,,
MADERAS ALFONSO,,,
WARTSILA,,,
WARTSILA,,,
LA MONTANANESA,,,
INICIATIVAS BASTETANAS ENERGETICAS,,,
COGENERACION TECNOGAS,,,
BIOMEX,,,
MODESTO CARRODEAGUAS,,,
ARROCES DE ARAGON,,,
YECLA,,,
AIGUES DE LLEIDA,,,
PUERTO CELEIRO,,,
CADES PENEDES,,,
PLANTA DE GASIFICACION DE BIOMASA,,,
ALGUAIRE,,,
PISCINAS MUNICIPALES DE ANDUVA,,,
LA VEGA,,,
LOS ROMERALES 1-2-3,,,
CENTRAL BIOMASA CAMPASPERO,,,
GRAN BALNEARIO DE AGUAS MINERO MEDICINALES,,,
BIOGAS (ANTES UTE GAS-BENS),,,
SEVERAES,,,
BIOMASA,,,
PLANTA BIOMASA MOJADOS,,,
ENCE - PONTEVEDRA,,,
ENCE - PONTEVEDRA,,,
CERAMICA NULENSE,,,
LOSAN,,,
"BP OIL ESPANA, S.A.U.",,,
"BP OIL ESPANA, S.A.U.",,,
"GUASCOR INGENIERIA, SA",,,
"FORD ESPANA, S.L.",,,
VETEJAR,,,
GUASCOR,,,
COGENERACIONN TRADEMED,,,
INTERPANEL,,,
BIOMASA DE ALBARES,,,
VINIBASA,,,
LAS ALBARIZAS,,,
CENTRAL BIOMASA ALCOHOLERAS REUNIDAS,,,
APROVECHAMIENTO BIOGAS VERTEDERO MUNIC. VALLADOLID,,,
ENERGIA DEL OLIVAR,,,
EMASAGRA,,,
PLANTA GASIFICACION DE RESIDUOS,,,
PLANTA BIOGAS R.S.U. AVILA,,,
PLANTA DE BIOMASA,,,
EDAR SANT FELIU,,,
COGENERACION PISCINA MUNICIPAL CLIMATIZADA,,,
BECOSA ACEITES USADOS ESPIEL,,,
PAPELERA GUIPUZCOANA,,,
PLANTA BIOGAS DEPURADORA SEGOVIA,,,
CENTRAL BIOMASA BALTANAS,,,
ALBAIDA RECURSOS NATURALES Y MEDIO AMBIENTE,,,
BIOMASA,,,
COGENERACION EDAR CARRAIXET,,,
"TRATAMIENTO DE ACEITES Y MARPOLES, S.L.",,,
BIOENERGETICA EGABRENSE L,,,
"ALTAIR TECNOLOGIA, S.A.",,,
ENTIDAD PCA  S.  AGUAS RESID. DE ALGOROS,,,
BIOMASA DE SANGUESA,,42.592962,-1.278719
CERAMICA MAPISA,,,
ECOLINK,,,
OLEICOLA EL TEJAR,,,
BECOSA FUENTE DE PIEDRA 2,,,
COGENERACION PASTGUREN,,,
AZUCARERA DE JEDULA,,,
NATRA-CACAO,,,
MERUELO,,,
MERUELO,,,
MERUELO,,,
MERUELO,,,
PLANTA EXPERIMENTAL DE TRATAMIENTO DE RESIDUOS GANADEROS,,,
ENEMANSA,,,
TRANSFORMACION GANADERA DE LEGANES,,,
PLANTA MIRAMENTO,,,
HERMANOS SANTAMARIA MUNOZ,,,
COGENERACION MANAN,,,
TABLEROS TRADEMA,,,
MAGNESITAS DE RUBIAN,,,
PLANTA TRATAMIENTO DE BIOMASA EN VILLACANAS,,,
GESTION DE BIOMASA DE TORRE DE PACHECO,,,
BIOENERGIA RENOVABLE DE VIZCAYA,,,
GENERAL AGRICOLA CABRA,,,
OLIVETUM (ALDEBARAN),,,
EDAR SABADELL-RIU RIPOLL,,,
GEDESMA,,,
BIOMASA EMTE,,,
RECOMSA,,,
"BECOSA BAJO GUADALQUIVIR, S.A.",,,
PLANTA DE BIOMASA,,,
BIOGAS Y ENERGIA,,,
BIOMASA ENERGIAS RENOVABLES DE BADAJOZ,,,
P.BIOGAS DE DIGESTION DE RESIDUOS,,,
PLANTA DE GENERACION ELECTRICA,,,
TILESA,,,
"MARIE CLAIRE, S.A.",,,
TODAGRES,,,
PETRONOR-2,,43.326125,-3.107429
VERTEDERO COLMENAR VIEJO,,,
AURECAN,,,
COGENERACION HOSPITAL SAN AGUSTIN,,,
GRUPOS MOTOGENERADORES DE BIOGAS,,,
MINAS DE ALCANTARA,,,
AGROENERGETICA DE BAENA,,,
ROMERO ALVAREZ 3,,,
CADAGUA,,,
POVISA,,,
PLANTA COGENERACION EN ARENAS Y GRAVAS,,,
CULTIVOS ENERGETICOS EN ALCALA DE GURREA,,,
BIOGAS Y ENERGIA,,,
PLANTA DE COGENERACION DE INSUAMAR,,,
PLANTER,,,
E.P.SANEAM. DE AGUAS RESID. CAV SAGUNTO,,,
"GLOBAL PLASMA VALENCIA, S.L.",,,
"INGENIERIA URBANA, S.A. (INUSA)",,,
"INGENIERIA URBANA, S.A. (INUSA)",,,
BIOMASA COOPERATIVAS A. ALBACETENSES,,,
HOSPITAL UNIVERSITARIO REINA SOFIA,,,
URBAOIL,,,
ARMONIO INGENIEROS,,,
P. GENERACION ELECTRICA POR BIOGAS DE SOGAMA,,,
"FINALTAIR ENERGIA, S.A.",,,
INGENIERIA AMBIENTAL GRANADINA,,,
"ECOLOGICA LAMARCA, 1",,,
PLANTA BIODIESEL SAN CRISTOBAL 2,,,
"FOMENTO CONSTRUCCIONES Y CONTRATAS, SA Y CESPA CONTEN, SA (BIOCOMPOST DE ALAVA, SA)",,,
PERIS,,,
PORT ECOREL,,,
CLP ORGANOGAS S.L.,,,
CLP ORGANOGAS S.L.,,,
CLP ORGANOGAS S.L.,,,
CLP ORGANOGAS S.L.,,,
CLP ORGANOGAS S.L.,,,
CLP ORGANOGAS S.L.,,,
CLP ORGANOGAS S.L.,,,
CLP ORGANOGAS S.L.,,,
CLP ORGANOGAS S.L.,,,
SCOTT,,,
ESTILOS CERAMICOS,,,
EDAR ARAZURI,,,
ALLARLUZ,,,
LOJAPREND-ICESA U.T.E.,,,
CERAMICA GARCIA CUESTA,,,
CHAMPYMAR (AMPLIACION),,,
EMESA PRECESA,,,
CERAMICAS XUNQUEIRA,,,
YEDESA COGENERACION,,,
PLANTA DE RESIDUOS,,,
EL CARPIO,,,
"BECOSA BIOMASA ESPIEL, S.A.",,,
"BIOMASAS DE PUENTE GENIL, S.L.",,,
CERAMICA GARCIA CUESTA 1,,,
CERAMICA GARCIA CUESTA 2,,,
BIOMASA,,,
PLANTA DE BIOMASA,,,
PLANTA COGENERACION MADERAS GONDARINO,,,
MICHELIN VALLADOLID,,41.676927,-4.70961
VALORIZACION DE NEUMATICOS USADOS ARDONCINO,,,
COGENERACION SAN DIEGO,,,
APROVECHAMIENTO HIDROELECTRICO,,,
PLANTA BIOMASA DE UNIENER,,,
HOSPITAL ARNAU DE VILANOVA,,,
GRES DUR,,,
SANGUESA,,,
GETESA,,,
GONGORA,,,
COGENERACION REPSOL,,37.577487,-0.917613
ERMETOSA,,,
SAT HEREDEROS DE ALARCON,,,
OLEOENERGIA JIMENA,,,
VALORACIONES ENERGETICAS AGRARIAS,,,
AGRO SEVILLA,,,
COMERCIAL GANADERA DEL RIEGO,,,
COGENERACION DEL CLUB DEL MAR,,,
ALCOHOLERA PUEBLA,,,
VERTEDERO DEL GARRAF,,,
GEGSA II,,,
CELYTEX - AMPLIACION (DE RE-3806),,,
CENTRAL DE GENERACION DE GAS POBRE POR SEMICOMBUSTION DE BIOMASA EN GASIFICADOR Y PRODUCCION DE ELEC,,,
URBAOIL REGENERACION ACEITES USADOS,,,
VERTEDERO NUEVA RENDIJA,,,
CTRU PARQUE TECNOLOGICO LOPEZ SORIANO,,,
BIOELECTRICA JIENENSE,,,
E.D.AGUAS RESIDUALES DE ALCOY,,,
PLANTA BIOGAS VERTEDERO DE CORTES,,,
NUFRI-BIOGAS,,,
NUFRI-BIOGAS,,,
CERAMICA PENAFIEL 2,,,
BIOMASA CEASA NAVIA,,,
COGENERACION CEASA NAVIA,,,
ABOCADOR DE PEDRET I MARZA,,,
BIDONES ROMA,,,
PLANTA SOLAR TERMICA PS-20,,,
COGENERACIO CERAMICA BELIANES,,,
BIOGAS SANT MER,,,
BIOGAS SANT MER,,,
CERAMICA UTZUBAR,,,
LUIS ANDUJAR,,,
CENTRAL SOLAR TERMOELECTRICA 50 MW,,,
APROVECHAMIENTO HIDROELECTRICO RIO NELA,,,
COGENERACIO ANGLES TEXTIL,,,
LOPEZ DE HOYOS,,,
"JOVER ENERGIA, A.I.E.",,,
SANTA ELOLINA,,,
DEPURADORA DE VALLADOLID 2,,,
COMPANIA ENERGETICA DE LINARES S.L,,,
PUERTO ERRADO I,,,
COGENERACION IV,,,
CERAMICA PENO,,,
VALPUREN BANUELO,,,
VALPUREN BANUELO,,,
VALPUREN COMATUR,,,
VALPUREN COMATUR,,,
EL TORILEJO,,,
COGENERACIO EMBOTITS ESPINA,,,
COGENERACION GARFER,,,
LOS MOLINOS,,,
CENTRAL DE PIE DE PRESA DE ITOIZ,,,
C.H. LAS NAZAS,,,
MOLINO MOJON BLANCO,,,
HOTEL LIBER,,,
PLANTA DE COGENERACION CON BIOGAS EN SAICA 2,,41.540841,-0.677857
CERAMICA DE ALMACELLAS,,,
SEVERAES S.L.,,,
ENCE,,,
APROVECHAMIENTO HIDROELECTRICO FRIEIRA CAUDAL ECOLOGICO,,,
ESTACION DE COMPRESION ENAGAS,,,
SAT 299 SAN RAMON,,,
LA RISCA,,,
IBERSOL CIUDAD REAL,,,
MOVIALSA II AMPLIACION,,,
CERAMICA MILLAS E HIJOS I,,,
SAT MOLINE,,,
C.H. VIRGEN DE LA LUZ,,,
CENTRAL HIDROELECTRICA DEL ARENAL,,,
C.H. TORREMONTALBO,,,
POLIDEPORTIVO DEHESA BOYAL,,,
MOVIALSA III,,,
TORTOSA ENERGIA 2,,,
GUMA,,,
CASTRO DE LAS COGOTAS,,,
PENINSULAR COGENERACION 2,,,
PENINSULAR COGENERACION 2,,,
EXTRESOL-1,,,
UR-BEROA,,,
CH HERAND,,,
"ELECOR, S.A.U.",,,
MANUFACTURAS COGENERACION,,,
CORDUENTE,,,
CERAMICA RIOBOO,,,
PLANTA SOLAR TERMICA SOLNOVA 1,,,
PLANTA SOLAR TERMICA SOLNOVA 3,,,
BIOGAS EDAR GRANOLLERS,,,
MICROCOGENERACIO MARE DE DEU DEL PORT,,,
BIOGAS ENERGISAT NATURA,,,
PRESA DEL ARENOSO,,,
BIOELECTRICA DE LINARES,,,
CISENER,,,
EUROPAC 2,,41.840604,-4.558087
IBERFRUTA-MUERZA (BEBE),,,
"JUAN DEL POZO SANCHEZ, S.L.",,,
EL TEJADO,,,
COGENERACIO ASESA,,,
"PAPELERA DE AMAROZ,S.A.",,,
COGENERACIO SPORT I RELAX,,,
INSTALACION DE BIOGAS DE 800 KW.,,,
"TRANSFORMACION DE MATERIA VEGETAL, S.L. -TRAMAVE-",,,
"VIVEROS DEVADILLO, S.L.",,,
"FUNDICIONES DE VERA, S. A. (FUNVERA)",,,
CIUDAD AGROALIMENTARIA DE TUDELA S.L.U.,,,
BIOMETANIZACION EL CULEBRETE,,,
COGENERACION EN EDAR MOLINA DE SEGURA,,,
MICROGENERACION PABLO GOROSABEL,,,
COGENERACION COOPERATIVAS ORENSANAS,,,
PLANTA SOLAR TERMICA SOLNOVA 4,,,
UROLA,,,
COGENERACION LOS ARCOS,,,
LA FLORIDA,,,
POLIDEPORTIVO MUNICIPAL DE REKALDE,,,
PLANTA MECANIC-BIOLOGICA DE BOTARELL,,,
COGENERACIO HOTEL TERMES MONTBRIO,,,
POLIGENERACIO PARC DE LALBA ST-4,,,
COGENERACION MALPESA 3,,,
"INVERSIONES SETABENSES MOLLA, S.L.",,,
MOVIALSA V,,,
LAS ARENILLAS,,,
"EMBALAJES DE PAMPLONA, S.L.",,,
"PLANTA DE COGENERACION DE 1 MW DE AGRIMARTIN FERTILIZANTES, SL.",,,
"DELICATESSEN LA ERMITA, S.L.",,,
PLANTA BIOMASA BRIVIESCA,,,
CENTRAL LECHERA ZARZALEJO,,,
CADES PENEDES,,,
UNIDAD TRATAMIENTO LODOS DEPURADORAS DE LOECHES,,,
POLIDEPORTIVO USABAL,,,
ABOCADOR CONTROLAT CONSELL COMARCAL OSONA,,,
VERTEDERO DE CALAHORRA,,,
COESGA,,,
LAS TIENDAS,,,
COGENERACION PLANTA BIODIESEL ACOR,,,
EXTRESOL II,,,
MICROCOGENERACION FASAD,,,
COGENERACION PALMAS ALTAS (TRIGENERACION PALMAS ALTAS),,,
ALDEBARAN ENERGIA DEL GUADALQUIVIR S.L.,,,
CENTRAL HIDROELECTRICA LA LOMILLA,,,
GENERACION HTN,,,
COGENERACION GESBRICK,,,
COGENERACION BALNEARIO DE ARCHENA,,,
MANCHASOL-1,,,
CG PISCINES PICORNELL,,,
CH MITJANS,,,
"PAPELERA DE LA ALQUERIA, S.L.",,,
SARRIA I,,,
COGENERACION HC TUDELA ABONO,,,
LLANOS DE MOJANA,,,
PLANTA DE BIOMASA MIAJADAS,,,
CERAMICAS MILLAS E HIJOS II,,,
CENTRAL MINIHIDRAULICA FLUYENTE,,,
COGENERACION CERAMICA TUDELANA 2,,,
INSTALACION DE TRIGENERACION,,,
PALMA DEL RIO II,,,
LA PERLA DEL HENARES,,,
BIOENERGIA MENDI S.L.,,,
ELECOR,,,
AUTOPROMOCION 3C,,,
"ELECOR, S.A.U. PARC. 13.2",,,
CG CAN LLONG - CN SABADELL,,,
CG CAN LLONG - CN SABADELL,,,
DUET RUBI,,,
UNIDAD DE COGENERACION CG-6 PETRONOR-3,,43.326125,-3.107429
C.E.I.P. CASABLANCA,,,
C.H. DE REBOLLUELO,,,
PLANTA DE DIGESTIO ANEROBIA DE GRANOLLERS,,,
COGENERACIO URBASER,,,
MATALLANA DE TORIO,,,
MAJADAS,,,
PLANTA DE VALORACION DE RESIDUOS DE 500 KW DE POTENCIA EN VALL DUIXO,,,
"INDUSTRIAS CLIMBER, S.A.",,,
AGUSTIN BARRAL,,,
DIPUTACION FORAL DE GIPUZKOA-AZOKA,,,
PLANTA DE COGENERACION PORTAL EBRO,,,
PLANTA SOLAR TERMICA SOLAR TRES,,,
CG HOTEL LE MERIDIEN RA,,,
ELECTRICAS PASTOR,,,
EL CONGOSTO,,,
ACSOLAR 3,,,
CARRASCOSA,,,
CAN BUIXO,,,
MOLINO DE OITZ,,,
MANCHASOL-2,,,
GENERACION BIOGAS ALBACETE,,,
"DERIVADOS DEL COLAGENO, S.A. (DERCOSA)",,,
IMMODO ASPRONA VILLARROBLEDO_1-MARIA SANCHEZ,,,
BIOENERGIA ULTZAMA S.A.,,,
PLANTA DE TRATAMIENTO R.S.U. EL CAMPELLO,,,
MICROCAMOCHA,,,
HIDROELECTRICA SANTA TERESA - I,,,
BG EDAR VIC,,,
MINICENTRAL HIDROELECTRICA EN EL EMBALSE DE LAVERNE.,,,
REHABILITACION MINICENTRAL HIDROELECTRICA 90 KW Y DEPENDENCIAS ANEXAS PARA REFUGIO EXCURSIONISTAS EN,,,
PLANTA DE APROVECHAMIENTO DE LAS OLAS,,,
MICROCOGENERACION ANDROMEDA 5,,,
MICROVIPASA ROCES ACA 380,,,
MICROVIPASA ROCES ACA 390,,,
MICROVIPASA ROCES ACA 320,,,
MICROVIPASA ROCES ACA 330,,,
VERTEDERO DE R.S.U. DE VALDEPENAS,,,
EXPLOTACION PORCINA INTEGRAL,,,
C.H. SAHECHORES,,,
BIOMASA VERA Y GALLEGO,,,
CG CN MANRESA,,,
CG PISCINA JOAN SERRA,,,
PLANTA DE VALORIZACION ENERGETICA DE RESIDUOS INDUSTRIALES NO PELIGROSOS DEL RECICLAJE DEL PAPEL,,41.544164,-0.675767
PLANTA SOLAR TERMICA HELIOENERGY 1,,,
ANDASOL-3,,,
EDAR DE REUS BIOGAS,,,
PLANTA DE COGENERACION LUBRISUR,,,
PST PALMA DEL RIO I,,,
PLANTA DE CHIPEADO Y SECADO DE MADERA CON COGENERACION,,,
FOTOVOLTAICA ABELLAN 1 DE 20 KW DE ISIDRO ABELLAN JUSTE,,,
SANTA CRUZ 1,,,
SANTA CRUZ 2,,,
LA NAVITA,,,
PLANTA SOLAR TERMICA HELIOENERGY 2,,,
CENTRAL FOTOVOLTAICA EN MUIMENTA,,,
APROVECHAMIENTO HIDROELECTRICO EN EL RIO BARRA,,,
CG TORRASPAPEL,,,
CG MS-MT,,,
CG CN GRANOLLERS,,,
PISCINAS DE ALBELDA,,,
PST LEBRIJA I,,,
INSTALACION FOTOVOLTAICA EN CUBIERTA POLIDEPORTIVO A REIGOSA,,,
CG HOTEL CIUTAT GRANOLLERS ALPHA 16,,,
"PAPEL ARALAR, S.A.",,,
INSTALACION VALORIZACION ENERGETICA DEL BIOGAS DEL VERTEDERO DE VALDESEQUILLO,,,
VILLA ROMAN - 70,,,
QUINTANAR ALPHA 15,,,
C.H. MOLI FONDO,,,
PLANTA DE BIODIGESTION DE RESIDUOS AGROALIMENTARIOS EN CATI,,,
ENVASES URENA 2,,,
CG TB-HORTA,,,
ARCOSOL 50,,,
TERMESOL 50,,,
CENTRAL HIDROELECTRICA DEL HOSPITAL DE PARZAN,,,
UNIDAD DE COGENERACION N2,,37.577487,-0.917613
RESIDENCIA MARISTAS,,,
"COVER DESING, S.L.",,,
COGENERACION PRODUCTOS DEL OLIVAR,,,
CG LAMETLLA ALPHA 7,,,
BIOGAS EDAR MONTORNES,,,
CG ACCURA GAVA ALPHA 14,,,
MICROCOGENERACION ROCES RESIDENCIAL 360,,,
MICROLASCARBONERAS LUANCO,,,
"VIVIENDA Y SUELO DE EUSKADI, SA (VISESA)",,,
"VIVIENDA Y SUELO DE EUSKADI, SA (VISESA)",,,
"COGENER ALAVA, SA (POLIDEPORTIVO BAKH)",,,
COGENERACION HELADOS ALACANT,,,
COGENERACION BANERES,,,
MICROCOGENERACION COLEGIO MAYOR MENENDEZ PELAYO,,,
COGENERACION CARNICAS VILLAR,,,
COGENERACION SEGURIDAD SOCIAL PALENCIA,,,
COGENERACION LECHA GAZA,,,
COGENERACION 2MW LOS TRIVINOS,,,
PST SOLACOR 1,,,
CENTRAL HIDROELECTRICA 70 KW,,,
COGENERACION PERSAN,,,
BG MAS BES,,,
COGENERACION PAPERTECH ENERGIA,,,
COGENERACION SIEROLAM,,,
COGENERACION ARGAL,,,
PUERTO ERRADO 2,,,
BM NUFRI-5,,,
"BEFESA VALORIZACION DE AZUFRE, S.L.U.",,,
LINGEGAS 2,,,
VISESA,,,
COGENERACION LA PACHECA,,,
PST SOLACOR DOS,,,
JEVASO,,,
ENTREPINARES,,,
COGENERACION 999 KW LIASA,,,
COGENERACION RESIDENCIA MILAGROSA,,,
LA UNION COGENERACION,,,
COGENERACION SEFRAN BLENDS,,,
LA PILICA,,,
COGENERACION OLIMPIA,,,
CG CEM SISTRELLS ALPHA 21,,,
CG C.N. SANT FELIU DE LLOBREGAT,,,
BIOGAS CARBALLO BIOMETANIZACION,,,
COGENERACIO NAU INDITEX,,,
CG CEM ESTACIO DEL NORD,,,
"HIDROIGUNA, S.L. LUGAR DE YERA",,,
PLANTA COGENERACION COMPLEJO CUZCO,,,
BM DHC MARINA ZONA FRANCA BCN,,,
CG PAS POLINYA ALPHA 20,,,
BIOGAS ENUSA,,,
E-COGENERACION CABANILLAS,,,
BIKEGRAN ATARFE,,,
PLANTA DE BIOMETANIZACION DE RESIDUOS GANADEROS 500 KW,,,
CG PISCINA SALT,,,
"DERBY LIAZ, S.L.",,,
COG. NOVAFRIGSA,,,
HELIOS I,,,
SOLABEN 3,,,
CG AVICOSAN CORNELLA ALPHA 23,,,
CG HORTICULTURA BELLMUNT LLEIDA ALPHA 25,,,
COGENERACION EMBUTIDOS RODRIGUEZ,,,
COGENERACION TOMAS MARTIN,,,
COGENERACION PISCINAS AOIZ,,,
EL MESON,,,
COGENERACION ERTASA,,,
PLANTA COGENERACION 2 MW CON GASIFICACION,,,
CG CASTELLAR ALPHA 24,,,
BG TORRE SANTAMARIA,,,
ASTEXOL-2,,,
CTR SAN ROMAN DE LA VEGA,,,
BG DESEURAS,,,
"CENTRAL DE COGENERACION 500 KW DE ENERGIAS MARGUA, S.A. EN LAVANDERIAS DEL EBRO, S.A.",,,
PASEO DE LA ROSA,,,
ASTE 1A,,,
ASTE 1B,,,
HELIOS II,,,
SOLABEN 2,,,
COGENERACION INCUSA II,,,
COGENERACION CARTONAJES BERNABEU,,,
JUMISA 1,,,
PLANTA SOLAR TERMOELECTRICA MORON,,,
SOLUZ GUZMAN,,,
"MOLGAS COGENERACION GRACESA, S.A.",,,
MICROCOGENERACION PERSEO 14,,,
EXTRESOL 3,,,
COMPLEJO  POLIDEPORTIVO MUNICIPAL LA LECHERA,,,
PLANTA GENERACION EL GORGUEL FASE 3,,,
PLANTA GENERACION EL GORGUEL FASE 3,,,
PLANTA GENERACION EL GORGUEL FASE 3,,,
CONSOLL ORELLANA,,,
"ENCE ENERGIA HUELVA, S.L.U.",,37.307796,-6.861568
CENTRAL DE BIOGAS DEL VERTEDERO DE JEREZ,,,
SANCHEZ ROMERO CARVAJAL,,,
COGENERACION HOTEL BECQUER,,,
COGENERACION PISCINA REY JUAN CARLOS,,,
PLANTA TERMOSOLAR DE OLIVENZA-1,,,
COGENERACION EDIFICIO POLITECNICO - UNIVERSIDAD DE ALCALA,,,
MICROCOGENERACION GETAFE 9130,,,
MINICENTRAL HIDROELECTRICA 125 KW,,,
REHABILITACION DE MINICENTRAL HIDROELECTRICA 85 KW CENTRAL DE LA ROCA,,,
COGENERACION BUZTINTXURI,,,
MICROCOG. ACS EDIF. 56 VIVIENDAS,,,
MICROCOG. ACS EDIF. 27 VIVIENDAS,,,
CG MARINA BESOS,,,
CENTRAL TERMOSOLAR LA AFRICANA,,,
MOLGAS COGENERACION GRAINTO,,,
JGC DAIMIEL,,,
"MICROGENERACION C/ CHOPERA, 2",,,
TERMOSOLAR BORGES,,,
RESIDUOS SOLIDOS URBANOS DE JAEN S.A.,,,
"INMOBILIARIA BITXOR, S.L.",,,
"FERROVIAL SERVICIOS, S.A.",,,
NAVA 1,,,
COX. VALES CORUNA,,,
COGENERACION HIJOS DE FEDERICO LIS,,,
TERMOSOL-1,,,
COGENERACION MUSEO EVOLUCION HUMANA BURGOS,,,
"FERROVIAL SERVICIOS, S.A.",,,
"BILBAO KIROLAK-IMD, S.A.",,,
"GIPUZKOAKO URAK, S.A.",,,
CG FARMHISPANIA,,,
REHABILITACION MINICENTRAL 200 KW SALTO DE MEDIO HOSTAL DE LA TRUCHA,,,
"BIOMASA DE CANTABRIA, S.L.",,,
CG POLIESPORTIU SANT ILDEFONS,,,
PLANTA DE BIOMETANIZACION DE 350 KW,,,
COGENERACION OBLANCA,,,
EL MOLINO,,,
"UNILEVER FOODS INDUSTRIAL ESPANA, S.L.U.",,,
"COX. BELTAINE RENOVABLES, S.L.",,,
"COGENERACION 500 KW DE ROBLEGAL EXPLOTACIONES AGROPECUARIAS, SL",,,
MICRO RESIDENCIA MONTEPIO,,,
S.A.T. LOS RITAS,,,
COGENERACION MELENCHONES NORTE,,,
MICROCOGENERACION CARBAJAL,,,
CG NOEL (PLANTA II),,,
BG SVENDBORG PV VII,,,
CG HOSPITAL SANT RAFAEL,,,
GRUPO GENERADOR EN VERTEDERO R.S.U. DE LORCA,,,
PLANTA DE BIOMETANIZACION DE 350 KW,,,
TERMOSOL-2,,,
COGENERACION BERIOSKA,,,
AGRALCO S. COOP.,,,
MICROCOGENERACION CENTRO DEPORTIVO SIDECU,,,
BIOGAS DE SERVICIOS LA VEGA,,,
CH BARBENS,,,
MODULO ORC (CICLO ORGANICO RANKINE) PELLETS ASTURIAS,,,
INSTALACION DE COGENERACION PABELLON POLIDEPORTIVO VICENTE TRUEBA,,,
COGENERACION PARQUESUR,,,
PASEO IBAIALDE 313,,,
CG ARGAL,,,
CALLE JOSE M AZCONA 13 Y 15,,,
CALLE CAMINO DE GAZOLAZ 41,,,
CALLE CAMINO DE GAZOLAZ 39,,,
CENTRAL HIDROELECTRICA DE BERGANZO,,,
MINICENTRAL HIDROELECTRICA DE ENCINEDO,,,
TEJIDOS ROYO I,,,
MINICENTRAL DEL JALON DE REGIMEN FLUYENTE,,,
COGENERACION 999 KW PARA PRODUCCION DE AGUA FRIA EN PLANTA DE ABSORCION PARA INDUSTRIA FABRICACION M,,,
COGENERACION POLITECNICO UCLM CIUDAD REAL,,,
BIOGAS DE ALMENAR,,,
CG-BG DAMM EL PRAT,,,
MICROCOGENERACION PENAFIEL,,,
COGENERACION CENTRO DEPORTIVO RIO ESGUEVA,,,
CH DE TOMA,,,
CH DE TOMA,,,
SOLABEN 1,,,
PLANTA BIOMETANIZACION 250 KW GRANJA DE VES,,,
COX BIOMASA TRADO-PONTEDEVA,,,
CASABLANCA,,,
MICROGENERACION DE 20 KW DE HOTEL SANCHO ABARCA S. L.,,,
SOLABEN 6,,,
PST ARENALES,,,
BG INCINERADORA MATARO,,,
TRIGENERACION 1 MW DE SOLUTEX,,,
CENTRAL DE COXERACION COMPLEXO MEDIOAMBIENTAL DO BARBANZA,,,
CENTRAL SOLAR TERMOELECTRICA ENERSTAR VILLENA,,,
SOCIEDAD CONCESIONARIA R.U. VICALVARO,,,
SUNFLOWER ENERGIAS,,,
EGICAM PLAN JOVEN - MOSTOLES,,,
CENTRAL MICRO-HIDRAULICA EL QUIEBRE,,,
COGENERACION EMBUTIDOS RIOS,,,
PLANTA DE COGENERACION DEL HOSPITAL VIRGEN DE LAS NIEVES,,,
MINICENTRAL HIDROELECTRICA DE SAN ANDRES,,,
"ALBERTIA ETXEA, S.L.",,,
BIOMASA CIUDAD DEL MEDIO AMBIENTE,,,
BIOMASA CIUDAD DEL MEDIO AMBIENTE,,,
EGICAM PLAN JOVEN - GETAFE,,,
HIDROELECTRICA VILALLONGO,,,
CARTONAJES IZQUIERDO,,,
COGENERACION VIDAL BENEYTO,,,
PLANTA DE COGENERACION PLA DE BENET,,,
PLANTA COGENERACION PANTANET,,,
SOL PONIENTE 4 VIENTOS,,,
SOL PONIENTE LA NECA,,,
COGENERACION EDAR POBLA DE FARNALS,,,
CENTRAL HIDROELECTRICA PEARES II,,,
CENTRAL HIDROELECTRICA BELESAR II,,,
"COGENERACION ELPOZO 17,2 MW",,,
HERMANITAS DE ANCIANOS DESAMPARADOS,,,
COGENERACION SNIACE CARBON,,,
CG HOTEL ATENEA,,,
CG COMUNITAT DE PROPIETARIS,,,
"ENAGAS, S.A.",,,
"SOCIEDAD INMOBILIARIA IGUALATORIO MEDICO QUIRURGICO, S.A.",,,
PLANTA DE GENERACION ELECTRICA CON BIOMASA MERIDA 20 MW,,,
CENTRAL HIDROELECTRICA PRESA DE SIERRA BRAVA,,,
BG MAKASSAR PV IV,,,
EDIFICIO DE FRONTONES Y FEDERACIONES DEPORTIVAS (FRONTON DE MIRIBILLA),,,
COGENERACION PISCINA MUNICIPAL,,,
HARINERA LA PURA,,,
EL RESCANO,,,
HIDROESCARPS,,,
CG LAVADEROS EUROPA MARTORELL BETA 7,,,
CENTRAL HIDROELECTRICA DE VALDEGURRIANA,,,
CABISCOL II,,,
CTRU GONGORA NUEVO,,,
COGENERACION EMVISESA,,,
PLANTA DE GENERACION DE ENERGIA ELECTRICA DE 95 KW,,,
HIDROELECTRICA FASGAR,,,
CH LA MOURIENTE,,,
COGENERACION BIOGAS FUEL CELL,,,
REGASIFICACIO ENAGAS,,,
"CENTRAL COG. 1 MW DE ROLABO OUTSOURCING, S.L.",,,
MOLINO DE LUZ DE SEGURA DE TORO,,,
TOBERA DE ARRIBA,,,
COGENERACION KRAFT,,,
CENTRAL MICRO-HIDRAULICA C2BIS,,,
PLANTA EXPERIMENTAL DE BIOGAS XUSTAS,,,
MICROBENITO OTERO ROCES RESIDENCIAL,,,
MICRO VALPARAISO,,,
MICRO CESAR MAESE ALONSO 110,,,
IMDEA COGENERACION,,,
CENTRAL HIDROELECTRICA DE VADOMOJON,,,
COGENERACION AYUNTAMIENTO DE GUARDO,,,
CENTRAL HIDROELECTRICA IRUGURUTZETA,,,
CENTRAL HIDROELECTRICA IRUGURUTZETA,,,
CENTRAL HIDROELECTRICA IRUGURUTZETA,,,
MICRO CESAR MAESE ALONSO 400,,,
COGENERAC ION EDAR CIDACOS,,,
MOLINO DE PUENTE ALBA,,,
COGENERACIO TRIANGLE,,,
C.T.R.U. SALAMANCA,,,
BIOMASA RIBPELLET,,,
CH TORRE DE CABDELLA,,,
ABONO 1,18WABO1-12345-0X,43.554295,-5.720997
abono 2,,43.554295,-5.720997
SOTO RIBERA 3,18WSRI3-12345-0N,43.313101,-5.875677
TRILLO,18WTRL1-12345-0Y,40.699986,-2.62482
LA BARCA 1,,43.320954,-6.303835
LA BARCA 2,,43.320954,-6.303835
LA BARCA 3,,43.320954,-6.303835
FLORIDA 1,,,
FLORIDA 2,,,
FLORIDA 3,,,
LAVIANA 1,,,
LAVIANA 2,,,
LAVIANA 3,,,
LA MALVA 1,,,
LA MALVA 2,,,
LA MALVA 3,,,
LA MALVA 4,,,
MIRANDA 1,,43.330865,-6.204164
MIRANDA 2,,43.330865,-6.204164
MIRANDA 3,,43.330865,-6.204164
MIRANDA 4,,43.330865,-6.204164
PRIANES 1,,,
PRIANES 2,,,
PRIANES 3,,,
PROAZA 1,,43.248745,-6.017272
PROAZA 2,,43.248745,-6.017272
LA RIERA 1,,,
LA RIERA 2,,,
LA RIERA 3,,,
SALIME 1,,43.237264,-6.847748
SALIME 2,,43.237264,-6.847748
SALIME 3,,43.237264,-6.847748
SALIME 4,,43.237264,-6.847748
TANES 1,,43.221202,-5.427926
TANES 2,,43.221202,-5.427926
SAN ISIDRO 1,,,
SAN ISIDRO 2,,,
CANO 1,,,
CANO2,,,
MORELLA 1,,,
MORELLA 2,,,
ABARAN 1,,,
ABARAN 2,,,
"ACECA 1, CH",,,
"ACECA 2, CH",,,
"ACECA 3, CH",,,
ACERA DE LA VEGA 1,,,
ACERA DE LA VEGA 2,,,
ALBENTOSA 1,,,
ALBENTOSA 2,,,
ALCALA DEL JUCAR 1,,,
ALCALA DEL JUCAR 2,,,
ALDEADAVILA I 1,,41.209335,-6.686566
ALDEADAVILA I 2,,41.209335,-6.686566
ALDEADAVILA I 3,,41.209335,-6.686566
ALDEADAVILA I 4,,41.209335,-6.686566
CERNADO,,,
CHANDREJA 1,,,
CHANDREJA 2,,,
CHIRRISQUIN 1,,,
CHORRO DEL DUQUE,,,
CHULILLA 1,,,
CHULILLA 2,,,
CHULILLA 3,,,
CIRAT 1,,,
CIRAT 2,,,
COFRENTES 1,,39.246678,-1.094992
COFRENTES 2,,39.246678,-1.094992
COFRENTES 3,,39.246678,-1.094992
COLMENAR 1,,,
COLMENAR 2,,,
COMPUERTO 1,,,
COMPUERTO 2,,,
CONSO 1,,42.166873,-7.175245
CONSO 2,,42.166873,-7.175245
CONSO 3,,42.166873,-7.175245
CONTRERAS II 1,,39.542857,-1.50396
CONTRERAS II 2,,39.542857,-1.50396
CONTRERAS MIRASOL 1,,,
CONTRERAS MIRASOL 2,,,
CORTES II 1,,39.243581,-0.931709
CORTES II 2,,39.243581,-0.931709
CUERDA DEL POZO 1,,,
CUERDA DEL POZO 2,,,
EGUILLOR 1,,,
EGUILLOR 2,,,
EL AGUILA 1,,,
EL AGUILA 2,,,
EL BOSQUE 1,,,
EL BOSQUE 2,,,
EL CABILDO 1,,,
EL CABILDO 2,,,
EL CASTELLAR 1,,,
EL CASTELLAR 2,,,
EL CASTILLEJO 1,,,
EL CASTILLEJO 2,,,
"EL CORTIJO, GRUPO 1",,,
"EL CORTIJO, GRUPO 2",,,
"EL CORTIJO, GRUPO 3",,,
EL MENJU,,,
EL PICAZO 1,,,
EL PICAZO 2,,,
EL SOLVENTE 2,,,
EL TORCIDO,,,
ENDARLAZA,,,
FUENROSARIO,,,
GABRIEL Y GALAN,,40.221274,-6.133104
GESTALGAR 1,,,
GESTALGAR 2,,,
GRANADA 1,,,
GRANADA 2,,,
GUIJO DE GRANADILLA 1,,40.180133,-6.142519
GUIJO DE GRANADILLA 2,,40.180133,-6.142519
GUISTOLAS,,,
GURIEZO INFERIOR 1,,,
GURIEZO INFERIOR 2,,,
GURIEZO SUPERIOR 1,,,
ALDEADAVILA I 5,,41.209335,-6.686566
ALDEADAVILA I 6,,41.209335,-6.686566
ALDEADAVILA II 1,,41.209335,-6.686566
ALDEADAVILA II 2,,41.209335,-6.686566
ALLOZ 1,,,
ALLOZ 2,,,
ALMADENES 1,,,
ALMADENES 2,,,
ALMADENES 3,,,
ALMADENES 4,,,
AMBASAGUAS 1,,,
AMBASAGUAS 2,,,
AMBASAGUAS 3,,,
ANGUIANO 1,,,
ANGUIANO 2,,,
ANGUIANO 3,,,
ANTONANA 1,,,
ANTONANA 2,,,
ARCHENA,,,
ARENZANA 1,,,
ARENZANA 2,,,
ARIZMENDI,,,
ARRAMBIDE 1,,,
ARRAMBIDE 2,,,
ARRAMBIDE 3,,,
ARROLLANDIETA,,,
ARTESIAGA 1,,,
ARTESIAGA 2,,,
AZUTAN 1,,39.778883,-5.087189
AZUTAN 2,,39.778883,-5.087189
AZUTAN 3,,39.778883,-5.087189
BARAZAR 1,,43.089187,-2.74795
BARAZAR 2,,43.089187,-2.74795
BARAZAR 3,,43.089187,-2.74795
BATAN 1,,,
BATANEJO,,,
BENAGEBER 1,,,
BENAGEBER 2,,,
BERGANZO 1,,,
BERGANZO 2,,,
BERGANZO 3,,,
BERROCALILLO 1,,,
BERROCALILLO 2,,,
BOLINCHES,,,
BORBOLLON,,,
BUGARRA 1,,,
BUGARRA 2,,,
CABRIANA 1,,,
CABRIANA 2,,,
CABRIANA 3,,,
CABRIANA 4,,,
CANAVEROSA 1,,,
CANAVEROSA 2,,,
CANAVEROSA 3,,,
CASEDA 1,,,
CASEDA 2,,,
CASTRO I 1,,41.574809,-6.187723
CASTRO I 2,,41.574809,-6.187723
CASTRO II,,41.574809,-6.187723
CEDILLO 1,,39.66351,-7.540115
CEDILLO 2,,39.66351,-7.540115
CEDILLO 3,,39.66351,-7.540115
CEDILLO 4,,39.66351,-7.540115
CERNADILLA,,42.019332,-6.458704
HIDRO 1,,,
HIDRO 2,,,
HIJAR 1,,,
HIJAR 2,,,
"JOSE M ORIOL, GRUPO 1",,39.728815,-6.882479
"JOSE M ORIOL, GRUPO 2",,39.728815,-6.882479
"JOSE M ORIOL, GRUPO 3",,39.728815,-6.882479
"JOSE M ORIOL, GRUPO 4",,39.728815,-6.882479
LA GOSALVEZ,,,
LA GOTERA,,,
LA LOSA 1,,,
LA LOSA 2,,,
LA LOSA 3,,,
LA MANCHEGA,,,
LA MARMOTA 1,,,
LA MARMOTA 2,,,
LA MILAGROSA 3,,,
LA MUELA CORTES 1,18WMUEL-12345-03,39.243581,-0.931709
LA MUELA CORTES 2,18WMUEL-12345-03,39.243581,-0.931709
LA MUELA CORTES 3,18WMUEL-12345-03,39.243581,-0.931709
LA PEA 1,,,
LA PEA 2,,,
LA PEA 4,,,
LA RECUEJA 1,,,
LA RECUEJA 2,,,
LA RETORNA 1,,,
LA RETORNA 2,,,
LAS CUEVAS 1,,,
LAS CUEVAS 2,,,
LAS NORIAS 1,,,
LAS NORIAS 2,,,
LAS PORTAS 1,,,
LEIZA 1,,,
LEIZA 2,,,
LEIZARAN,,,
LORCHA,,,
LOS BATANEJOS,,,
LOS CANTOS 1,,,
LOS CANTOS 2,,,
LOS DORNAJOS 1,,,
LOS DORNAJOS 2,,,
LOS GAVILANES 1,,,
LOS GAVILANES 2,,,
LOS NUEVOS 1,,,
LOS NUEVOS 2,,,
LOS VILLANUEVAS 1,,,
LOS VILLANUEVAS 2,,,
LOS VILLANUEVAS 3,,,
LOZABIAN,,,
LUCAS DE URQUIJO 1,,,
LUCAS DE URQUIJO 2,,,
LUCAS DE URQUIJO 3,,,
LUCAS DE URQUIJO 4,,,
LUGAN 1,,,
LUGAN 2,,,
MANERU 1,,,
MANERU 2,,,
MANISES 1,,,
MANSILLA 1,,,
MANSILLA 2,,,
MENDARAZ 1,,,
MENDARAZ 2,,,
MILLER 1,,,
MILLER 2,,,
MILLER 3,,,
MONTEFURADO 1,,,
MONTEFURADO 2,,,
MONTEFURADO 3,,,
MORANCHEL 1,,,
MORANCHEL 2,,,
N S DEL AGAVANZAL 1,,,
N S DEL AGAVANZAL 2,,,
N S DEL AGAVANZAL 3,,,
NAJERILLA 1,,,
NAJERILLA 2,,,
OIZ 1,,,
OIZ 2,,,
OJER Y MARCOS,,,
ONDA 1,,,
ONDA 2,,,
ORONOZ 1,,,
ORONOZ 2,,,
PANZARES 1,,,
PANZARES 2,,,
PEDRALBA 1,,,
PEDRALBA 2,,,
PENADEGUI 1,,,
PESQUERUELA 1,,,
PESQUERUELA 2,,,
PICOAGA 1,,,
PICOAGA 2,,,
PLAZAKOLA,,,
PONTENOVO 1,,,
PONTENOVO 2,,,
PONTENOVO 3,,,
PONTENOVO 4,,,
PORTLUX 1,,,
PORTLUX 2,,,
PUENTE BIBEY 1,,42.263793,-7.387519
PUENTE BIBEY 2,,42.263793,-7.387519
PUENTE BIBEY 3,,42.263793,-7.387519
PUENTE BIBEY 4,,42.263793,-7.387519
PUENTE BIBEY 5,,42.263793,-7.387519
PUENTE CONGOSTO 1,,,
PUENTELARRA 1,,,
PUENTELARRA 2,,,
PUENTELARRA 3,,,
PUERTO SEGURO 1,,,
PUERTO SEGURO 2,,,
QUEILES I 1,,,
QUEILES I 2,,,
QUEILES II 1,,,
QUEILES II 2,,,
QUEILES II 3,,,
QUINTANA 1,,,
QUINTANILLA ESCALADA 1,,,
QUINTANILLA ESCALADA 2,,,
RECAJO 1,,,
RECAJO 2,,,
RECAJO 3,,,
REPRIMALA,,,
RIBESALBES 1,,,
RIBESALBES 2,,,
RICOBAYO 1,,41.525803,-5.983969
RICOBAYO 2,,41.525803,-5.983969
RICOBAYO 3,,41.525803,-5.983969
RICOBAYO 4,,41.525803,-5.983969
RICOBAYO II 1,,41.526915,-5.986633
RINCON DEL DUQUE 1,,,
RINCON DEL DUQUE 2,,,
RIO MUERTO 1,,,
SAN ANTOLIN 1,,,
SAN CLODIO,,,
SAN CRISTOBAL 1,,,
SAN CRISTOBAL 2,,,
SAN ESTEBAN 1,,42.41433,-7.649695
SAN ESTEBAN 2,,42.41433,-7.649695
SAN ESTEBAN 3,,42.41433,-7.649695
SAN ESTEBAN 4,,42.41433,-7.649695
SAN ESTEBAN 5,,42.41433,-7.649695
SAN ESTEBAN 6,,42.41433,-7.649695
SAN FAUSTO 1,,,
SAN FAUSTO 2,,,
SAN JOSE 1,,,
SAN JOSE 2,,,
SAN MARTIN,,,
SAN MIGUEL 1,,,
SAN MIGUEL 2,,,
SAN PEDRO 1,,42.45274,-7.713953
SAN PEDRO 2,,42.45274,-7.713953
SAN ROMAN 1,,,
SAN TIBURCIO,,,
SANGUESA,,,
SANTA TERESA 1,,,
SANTA TERESA 2,,,
SANTIAGO-JARES 1,,42.404041,-7.078745
SANTIAGO-JARES 2,,42.404041,-7.078745
SANTIAGO-SIL 1,,,
SANTIAGO-SIL 2,,,
SANTIAGO-URUMEA 1,,,
SANTIAGO-URUMEA 2,,,
SANTIAGO-URUMEA 3,,,
SAUCELLE I 1,,41.045099,-6.806584
SAUCELLE I 2,,41.045099,-6.806584
SAUCELLE I 3,,41.045099,-6.806584
SAUCELLE I 4,,41.045099,-6.806584
SAUCELLE II 1,,41.035004,-6.803068
SAUCELLE II 2,,41.035004,-6.803068
SEQUEIROS 1,,,
SEQUEIROS 2,,,
SEQUEIROS 3,,,
SOBRADELO 1,,42.414211,-6.919955
SOBRADELO 2,,42.414211,-6.919955
SOBRON 1,,,
SOBRON 2,,,
SOTO ALBUREZ,,,
SOUTELO 1,,42.167153,-7.175107
SOUTELO 2,,42.167153,-7.175107
TORREJON 1,,39.835871,-5.989523
TORREJON 2,,39.835871,-5.989523
TORREJON 3,,39.835871,-5.989523
TORREJON 4,,39.835871,-5.989523
TRANCO DEL LOBO 1,,,
TRANCO DEL LOBO 2,,,
TRANCO DEL LOBO 3,,,
TRESPADERNE 1,,,
TRESPADERNE 2,,,
ULEA,,,
ULLIVARRI-GAMBOA 1,,,
URROZ 1,,,
URROZ 2,,,
VALDECANAS 1,,39.77787,-5.612464
VALDECANAS 2,,39.77787,-5.612464
VALDECANAS 3,,39.77787,-5.612464
VALDEOBISPO 1,,40.099081,-6.25077
VALDEOBISPO 2,,40.099081,-6.25077
VALLAT 1,,,
VALLAT 2,,,
VALPARAISO 1,,41.993368,-6.271342
VALPARAISO 2,,41.993368,-6.271342
VEGACERVERA 1,,,
VEGACERVERA 2,,,
VENTAS DE YANCI 1,,,
VENTAS DE YANCI 2,,,
VENTAS DE YANCI 3,,,
VENTAS DE YANCI 4,,,
VERA DE BIDASOA 1,,,
VERA DE BIDASOA 2,,,
VILLAGONZALO 1,,,
VILLAGONZALO 2,,,
VILLALBA 1,,,
VILLALBA 2,,,
VILLALCAMPO I 1,,41.491101,-6.084608
VILLALCAMPO I 2,,41.491101,-6.084608
VILLALCAMPO I 3,,41.491101,-6.084608
VILLALCAMPO II,,41.491101,-6.084608
VILLARINO 1,,41.271328,-6.320278
VILLARINO 2,,41.271328,-6.320278
VILLARINO 3,,41.271328,-6.320278
VILLARINO 4,,41.271328,-6.320278
VILLARINO 5,,41.271328,-6.320278
VILLARINO 6,,41.271328,-6.320278
VILLARREAL,,,
VIRGEN DEL PILAR 2,,,
VOZMEDIANO 1,,,
YANCI II 1,,,
YANCI II 2,,,
YESA,,,
ZABURDON,,,
ZUBIETA 1,,,
ZUBIETA 2,,,
ZUMARRESTA 1,,,
ZUMARRESTA 2,,,
CN ALMARAZ 1,18WALZ1-12345-0E,39.807631,-5.696131
CN ALMARAZ 2,18WALZ2-12345-04,39.807631,-5.696131
CN COFRENTES,18WCOF1-12345-0O,39.214969,-1.052563
CT ESCOMBRERAS 4,,37.571278,-0.945118
CT ESCOMBRERAS 5,,37.571278,-0.945118
CT GUARDO 1,18WGUA1-12345-0T,42.816278,-4.852454
CT GUARDO 2,18WGUA2-12345-0J,42.816278,-4.852454
CT LADA 4,18WLAD4-12345-0U,43.308109,-5.700788
CT SANTURCE 1,,43.339096,-3.052938
CT SANTURCE 2,,43.339096,-3.052938
GALLIPIENZO 1,,,
GALLIPIENZO 2,,,
AGUAYO 1,,43.095804,-4.000656
AGUAYO 2,,43.095804,-4.000656
AGUAYO 3,,43.095804,-4.000656
AGUAYO 4,,43.095804,-4.000656
AGUILAR 1,,,
AGUILAR 2,,,
AIGUAMOIX,,42.693919,0.916266
ALCALA DEL RIO 2,,,
ALCALA DEL RIO 3,,,
ANLLARES GR 1,18WALL1-12345-0K,42.838256,-6.525049
ANZANIGO,,,
ARATORES,,,
ARBON 1,,43.477229,-6.730199
ARBON 2,,43.477229,-6.730199
ARENAS 1,,,
ARENAS 2,,,
ARGONE 1,,,
ARGONE 2,,,
ARTIES 1,,42.700166,0.876562
ARTIES 2,,42.700166,0.876562
ASCO GR 1,18WASC1-12345-0Z,41.202217,0.571561
ASCO GR 2,18WASC2-12345-0P,41.202217,0.571561
BAHIA DE ALGECIRAS I,18WALG3-12345--K,36.182706,-5.38973
BAHIA DE ALGECIRAS II,18WALG3-12345--K,36.182706,-5.38973
BALAGUER,,,
BALIERA,,,
BARCENA BESAYA 1,,,
BARCENA BESAYA 2,,,
BARCENA GR 1,,42.577707,-6.561041
BARCENA GR 2,,42.577707,-6.561041
BARRADOS,,,
BARROSA,,,
BASERCA,,,
BEMBEZAR,,,
BENOS 1,,,
BENOS 2,,,
BIELSA,,,
BIESCAS II 1,,42.629227,-0.315932
BIESCAS II 2,,42.629227,-0.315932
BOADELLA PIE DE PRESA,,,
BOHI 1,,,
BOHI 2,,,
BONO 1,,,
BONO 2,,,
BOSSOST 1,,,
BOSSOST 2,,,
BUITRERAS 1,,,
BUITRERAS 2,,,
BUITRERAS 3,,,
CALA 1,,,
CALA 2,,,
CALABUIG,,,
CALDES 1,,42.54348,0.836933
CALDES 2,,42.54348,0.836933
CAMARASA II 1,,41.907888,0.886764
CAMARASA II 2,,41.907888,0.886764
CAMARASA II 3,,41.907888,0.886764
CAMARASA II 4,,41.907888,0.886764
CAMARMENA 1,,,
CAMARMENA 2,,,
CANALES,,,
CANALROYA,,,
CANELLES 1,,41.977825,0.611134
CANELLES 2,,41.977825,0.611134
CANELLES 3,,41.977825,0.611134
CANTILLANA 1,,,
CANTILLANA 2,,,
CAPDELLA II 1,,,
SUSQUEDA 3,,41.980234,2.525604
TAJO DE LA ENCANTADA 1,,36.908265,-4.763865
TAJO DE LA ENCANTADA 2,,36.908265,-4.763865
TAJO DE LA ENCANTADA 3,,36.908265,-4.763865
TAJO DE LA ENCANTADA 4,,36.908265,-4.763865
TALARN II 1,,,
TALARN II 2,,,
TALARN II 3,,,
TALARN II 4,,,
TAVASCAN INFERIOR,,,
TAVASCAN SUPERIOR 1,,42.637033,1.251468
TAVASCAN SUPERIOR 2,,42.637033,1.251468
TERMENS,,,
TERRADETS 1,,42.047605,0.894388
TERRADETS 2,,42.047605,0.894388
TERUEL GR 1,18WTER1-12345-0D,40.996283,-0.38417
TERUEL GR 2,18WTER2-12345-03,40.996283,-0.38417
TERUEL GR 3,18WTER3-12345-0U,40.996283,-0.38417
TORAN,,,
TORINA 1,,,
TORINA 2,,,
TORINA 3,,,
CAPDELLA II 2,,,
CAPDELLA II 3,,,
CAPDELLA II 4,,,
CAPDELLA II 5,,,
CARCAVILLA,,,
CASABLANCA,,,
CASTELFABIB,,,
CASTIELLO,,,
CAZULAS,,,
CIJARA M. DCHA. 1,,39.373055,-5.016053
CIJARA M. IZDA. 1,,39.373055,-5.016053
CIJARA M. IZDA. 2,,39.373055,-5.016053
CIJARA M. IZDA. 3,,39.373055,-5.016053
COMPOSTILLA II GR 3,18WCCO3-12345-0C,42.612447,-6.56483
COMPOSTILLA II GR 4,18WCOM4-12345-0S,42.612447,-6.56483
COMPOSTILLA II GR 5,18WCOM5-12345-0I,42.612447,-6.56483
CORDOBILLA 1,,,
CORDOBILLA 2,,,
CORDOBILLA 3,,,
CORNATEL GR 1,,42.416995,-6.831779
CORNATEL GR 2,,42.416995,-6.831779
CHILLAR,,,
DILAR 1,,,
DILAR 2,,,
DOIRAS 1,,43.38616,-6.825378
DOIRAS 2,,43.38616,-6.825378
DOIRAS 3,,43.38616,-6.825378
DONA ALDONZA 1,,,
DONA ALDONZA 2,,,
DUQUE,,,
DURCAL 1,,,
DURCAL 2,,,
EL BERBEL 1,,,
EL BERBEL 2,,,
EL BERBEL 3,,,
EL CARPIO 1,,,
EL CARPIO 2,,,
EL CARPIO 3,,,
EL CORCHADO 1,,,
EL CORCHADO 2,,,
EL CORCHADO 3,,,
EMBID DE LA RIBERA 1,,,
EMBID DE LA RIBERA 2,,,
ENCINAREJO 1,,,
ENCINAREJO 2,,,
ERISTE 1,,42.583678,0.483248
ERISTE 2,,42.583678,0.483248
ESCALES 1,,,
ESCALES 2,,,
ESCALES 3,,,
ESCATRON GR 5,,41.296437,-0.336406
ESPOT 1,,,
ESPOT 2,,,
ESTANY GENTO-SALLENTE 1,18WSLTG-12345-0T,42.500623,0.989212
ESTANY GENTO-SALLENTE 2,18WSLTG-12345-0T,42.500623,0.989212
ESTANY GENTO-SALLENTE 3,18WSLTG-12345-0T,42.500623,0.989212
ESTANY GENTO-SALLENTE 4,18WSLTG-12345-0T,42.500623,0.989212
ESTERRI 1,,,
ESTERRI 2,,,
ESTERRI 3,,,
EUME GR 1,,43.407473,-8.011213
EUME GR 2,,43.407473,-8.011213
FLIX 1,,,
FLIX 2,,,
FLIX 3,,,
FLIX 4,,,
GAVET 1,,,
GAVET 2,,,
GOBANTES,,,
GRADO I 1,,,
GRADO I 2,,,
GRADO II 1,,,
GRADO II 2,,,
GUADALEN,,,
GUADALMELLATO,,,
GUADALMENA,,,
GUILLENA 1,,37.567315,-6.049541
GUILLENA 2,,37.567315,-6.049541
GUILLENA 3,,37.567315,-6.049541
HIDROELECTRICA DE HUESCA,,,
HUERMEDA,,,
IP 1,,42.722707,-0.462906
IP 2,,42.722707,-0.462906
IP 3,,42.722707,-0.462906
IZNAJAR 1,,37.274707,-4.387173
IZNAJAR 2,,37.274707,-4.387173
JABARRELLA 1,,,
JABARRELLA 2,,,
JABARRELLA 3,,,
JACA 1,,,
JACA 2,,,
JANDULA 1,,,
JANDULA 2,,,
JANDULA 3,,,
JAUJA 1,,,
JAUJA 2,,,
JAUJA 3,,,
JAVIERRELATRE 1,,,
JAVIERRELATRE 2,,,
JUEU,,,
LA BAELLS,,,
LA MORANA 1,,,
LA MORANA 2,,,
LA MORCA,,,
LA PARAYA 1,,,
LA PARAYA 2,,,
LA REMOLINA GR 1,,42.932872,-5.085709
LA REMOLINA GR 2,,42.932872,-5.085709
LA RIBEIRA GR 1,,,
LA SERENA,,,
LA VEGA 1,,,
LA VEGA 2,,,
LAFORTUNADA CINCA 1,,42.543496,0.18304
LAFORTUNADA CINCA 2,,42.543496,0.18304
LAFORTUNADA CINCA 3,,42.543496,0.18304
LAFORTUNADA CINQUETA 1,,42.542878,0.198028
LAFORTUNADA CINQUETA 2,,42.542878,0.198028
LANUZA 1,,42.750252,-0.314465
LANUZA 2,,42.750252,-0.314465
LAS ONDINAS GR 1,,42.842864,-6.471276
LAS ONDINAS GR 2,,42.842864,-6.471276
LASPUNA 1,,,
LASPUNA 2,,,
LERIDA,,,
LES ILLES,,,
LITORAL DE ALMERIA GR 1,18WLIT1-12345-0A,36.978652,-1.904433
LITORAL DE ALMERIA GR 2,18WLIT2-12345-00,36.978652,-1.904433
LOS BARRIOS,18WBRR1-12345-0H,36.182641,-5.418967
LOS ORGANOS 1,,,
LOS ORGANOS 2,,,
LOS RABANOS 1,,,
LOS RABANOS 2,,,
LLADRES,,,
LLAVORSI CARDOS 1,,42.496342,1.213129
LLAVORSI CARDOS 2,,42.496342,1.213129
LLESP 1,,,
LLESP 2,,,
MARMOLEJO 1,,,
MARMOLEJO 2,,,
MARRACOS 1,,,
MARRACOS 2,,,
MEDIANO 1,,42.312946,0.210984
MEDIANO 2,,42.312946,0.210984
MENGIBAR 1,,,
MENGIBAR 2,,,
MENGIBAR 3,,,
MEQUINENZA 1,,41.368983,0.273381
MEQUINENZA 2,,41.368983,0.273381
MEQUINENZA 3,,41.368983,0.273381
MEQUINENZA 4,,41.368983,0.273381
MOLI,,,
MONTAMARA 1,,42.673534,1.235138
MONTAMARA 2,,42.673534,1.235138
MONTESQUIU,,,
MORALETS 1,,42.578699,0.758827
MORALETS 2,,42.578699,0.758827
MORALETS 3,,42.578699,0.758827
MORES,,,
NACIMIENTO 1,,,
NACIMIENTO 2,,,
NEGRATIN,,,
NUEVO CASTILLO,,,
NUEVO CHORRO,,,
OLIANA 1,,,
OLIANA 2,,,
OLIANA 3,,,
ORELLANA CANAL,,,
ORELLANA PIE DE PRESA,,,
ORFANS,,,
PAMPANEIRA,,,
PAREDONES 1,,,
PAREDONES 2,,,
PASTERAL 1,,,
PASTERAL II 1,,,
PASTERAL II 2,,,
PEDRO MARIN 1,,,
PEDRO MARIN 2,,,
PENADRADA GR 1,,,
PENADRADA GR 2,,,
PINTADO 1,,,
PINTADO 2,,,
PINTADO 3,,,
POBLA II 1,,,
POBLA II 2,,,
PONT DE REI 1,,42.847567,0.735271
PONT DE REI 2,,42.847567,0.735271
PONT DE SUERT 1,,,
PONT DE SUERT 2,,,
POQUEIRA 1,,,
POQUEIRA 2,,,
PORTO GR 1,,,
PRADA GR 1,,42.310141,-7.041795
PRADA GR 2,,42.310141,-7.041795
PUENTE MONTANANA 1,,,
PUENTE MONTANANA 2,,,
PUENTE NUEVO GR 3,18WPNN3-12345-0I,38.111133,-4.934664
PUENTES GR 1,18WPGR1-12345-04,43.439951,-7.861837
PUENTES GR 2,18WPGR2-12345-0V,43.439951,-7.861837
PUENTES GR 3,18WPGR3-12345-0L,43.439951,-7.861837
PUENTES GR 4,18WPGR4-12345-0B,43.439951,-7.861837
PUERTO PENA 1,,39.144383,-5.183698
PUERTO PENA 2,,39.144383,-5.183698
PUERTO PENA 3,,39.144383,-5.183698
PURROY,,,
QUERENO GR 1,,42.417019,-6.831793
QUERENO GR 2,,42.417019,-6.831793
RACIONEROS 1,,,
RACIONEROS 2,,,
RIBA ROJA 1,,41.242605,0.430549
RIBA ROJA 2,,41.242605,0.430549
RIBA ROJA 3,,41.242605,0.430549
RIBA ROJA 4,,41.242605,0.430549
RIBADELAGO GR 1,,,
RIBADELAGO GR 2,,,
RIBADELAGO GR 3,,,
RIBADELAGO GR 4,,,
RIOSCURO GR 1,,,
RIOSCURO GR 2,,,
RIVERA 1,,,
RONDA 1,,,
RONDA 2,,,
SABINANIGO 1,,,
SABINANIGO2,,,
SALINAS,,,
SAN AGUSTIN GR 1,,42.153868,-7.062777
SAN AGUSTIN GR 2,,42.153868,-7.062777
SAN AUGUSTO 1,,,
SAN AUGUSTO 2,,,
SAN AUGUSTO 3,,,
SAN CALIXTO 1,,,
SAN CALIXTO 2,,,
SAN MATEO,,,
SAN MAURICI 1,,,
SAN MAURICI 2,,,
SAN MAURICI 3,,,
SAN PASCUAL 1,,,
SAN PASCUAL 2,,,
SAN RAMON,,,
SAN SEBASTIAN GR 1,,,
SAN SEBASTIAN GR 2,,,
SANTA ANA 1,,41.882329,0.580478
SANTA ANA 2,,41.882329,0.580478
SANTA MARINA GR 1,,,
SANTA MARINA GR 2,,,
SANTA MARINA GR 3,,,
SAU 1,,41.968011,2.413018
SAU 2,,41.968011,2.413018
SEIRA II 1,,,
SEIRA II 2,,,
SEIRA II 3,,,
SENET 1,,,
SENET 2,,,
SEROS II 1,,,
SEROS II 2,,,
SEROS II 3,,,
SEROS II 4,,,
SILVON 1,,43.387117,-6.825233
SILVON 2,,43.387117,-6.825233
SUSQUEDA 1,,41.980234,2.525604
SUSQUEDA 2,,41.980234,2.525604
TORRASA,,,
TRANCO DE BEAS 1,,38.175002,-2.795916
TRANCO DE BEAS 2,,38.175002,-2.795916
TRANCO DE BEAS 3,,38.175002,-2.795916
TREGURA 1,,,
TREGURA 2,,,
UNARRE,,,
URDICETO 1,,,
URDICETO 2,,,
URDON 1,,,
URDON 2,,,
URDON 3,,,
VALTODANO 1,,,
VALTODANO 2,,,
VALTODANO 3,,,
VANDELLOS GR 2,18WVAN2-12345-0W,40.950367,0.865747
VIELHA 1,,,
VIELHA 2,,,
VILALLER 1,,,
VILALLER 2,,,
VILLAFRANCA 1,,,
VILLAFRANCA 2,,,
VILLANUA,,,
ZUJAR 1,,,
ZUJAR 2,,,
ENTREPENAS GRUPO 1,,40.493099,-2.750452
ENTREPENAS GRUPO 2,,40.493099,-2.750452
BUENDIA GRUPO 1,,40.398692,-2.783605
BUENDIA GRUPO 2,,40.398692,-2.783605
BUENDIA GRUPO 3,,40.398692,-2.783605
BOLARQUE I GRUPO 1,,40.362584,-2.819307
BOLARQUE I GRUPO 2,,40.362584,-2.819307
BOLARQUE II GRUPO 1,,40.362584,-2.819307
BOLARQUE II GRUPO 2,,40.362584,-2.819307
BOLARQUE II GRUPO 3,,40.362584,-2.819307
BOLARQUE II GRUPO 4,,40.362584,-2.819307
ZORITA GRUPO 1,,,
ZORITA GRUPO 2,,,
ZORITA GRUPO 3,,,
ALMOGUERA GRUPO 1,,,
ALMOGUERA GRUPO 2,,,
ALMOGUERA GRUPO 3,,,
CASTREJON GRUPO 1,,39.85291,-4.473968
CASTREJON GRUPO 2,,39.85291,-4.473968
CASTREJON GRUPO 3,,39.85291,-4.473968
CASTREJON GRUPO 4,,39.85291,-4.473968
VILLALBA GRUPO 1,,,
VILLALBA GRUPO 2,,,
BURGUILLO GRUPO 1,,40.424446,-4.533892
BURGUILLO GRUPO 2,,40.424446,-4.533892
BURGUILLO GRUPO 3,,40.424446,-4.533892
PUENTE NUEVO GRUPO 1,,,
PUENTE NUEVO GRUPO 2,,,
PUENTE NUEVO GRUPO 3,,,
SAN JUAN GRUPO 1,,40.372892,-4.311872
SAN JUAN GRUPO 2,,40.372892,-4.311872
LAS PICADAS GRUPO 1,,,
LAS PICADAS GRUPO 2,,,
SAN ISIDORO (BARRIOS) GRUPO 1,,42.849659,-5.863412
SAN ISIDORO (BARRIOS) GRUPO 2,,42.849659,-5.863412
SAN ISIDORO (BARRIOS) GRUPO 3,,42.849659,-5.863412
SAN ISIDORO (BARRIOS) GRUPO 4,,42.849659,-5.863412
ESPINOSA GRUPO 1,,,
CIMANES GRUPO 1,,,
ALCOBA GRUPO 1,,,
LA TOBA GRUPO 1,,,
BUENAMESON GRUPO 1,,,
BUENAMESON GRUPO 2,,,
BUENAMESON GRUPO 3,,,
BURGOMILLODO GRUPO 1,,,
BURGOMILLODO GRUPO 2,,,
BURGOMILLODO GRUPO 3,,,
BURGOMILLODO GRUPO 4,,,
LINARES ARROYO GRUPO 1,,,
LINARES ARROYO GRUPO 2,,,
LAS VENCIAS GRUPO 1,,,
LANCARA GRUPO 1,,,
LANCARA GRUPO 2,,,
EL PELGO GRUPO 1,,,
EL PELGO GRUPO 2,,,
BELESAR GRUPO 1,,42.628788,-7.711572
BELESAR GRUPO 2,,42.628788,-7.711572
BELESAR GRUPO 3,,42.628788,-7.711572
LOS PEARES GRUPO 1,,42.465274,-7.723018
LOS PEARES GRUPO 2,,42.465274,-7.723018
LOS PEARES GRUPO 3,,42.465274,-7.723018
VELLE GRUPO 1,,42.357771,-7.851453
VELLE GRUPO 2,,42.357771,-7.851453
CASTRELO GRUPO 1,,42.292457,-8.117347
CASTRELO GRUPO 2,,42.292457,-8.117347
ALBARELLOS GRUPO 1,,42.397712,-8.157176
FRIEIRA GRUPO 1,,42.154699,-8.192467
FRIEIRA GRUPO 2,,42.154699,-8.192467
REGUEIRO GRUPO 1,,42.335657,-7.520915
REGUEIRO GRUPO 2,,42.335657,-7.520915
SALAS GRUPO 1,,41.925664,-7.942624
LAS CONCHAS GRUPO 1,,,
LAS CONCHAS GRUPO 2,,,
LAS CONCHAS GRUPO 3,,,
TAMBRE I GRUPO 1,,42.83637,-8.849735
TAMBRE I GRUPO 2,,42.83637,-8.849735
TAMBRE I GRUPO 3,,42.83637,-8.849735
TAMBRE I GRUPO 4,,42.83637,-8.849735
TAMBRE II GRUPO 1,,42.83637,-8.849735
PORTODEMOUROS GRUPO 1,,42.85559,-8.190876
PORTODEMOUROS GRUPO 2,,42.85559,-8.190876
MEZONZO GRUPO 1,,,
MEZONZO GRUPO 2,,,
LEBOREIRO GRUPO 1,,,
LEBOREIRO GRUPO 2,,,
CABANELAS GRUPO 1,,,
GUIMIL GRUPO 1,,,
GUIMIL GRUPO 2,,,
FERVENZA GRUPO 1,,,
MEIRAMA GRUPO 1,18WMEI1-12345-0I,43.16853,-8.409357
NARCEA GRUPO 2,18WNRC2-12345-0G,43.292086,-6.394014
NARCEA GRUPO 3,18WNRC3-12345-06,43.292086,-6.394014
LA ROBLA GRUPO 1,18WROB1-12345-0L,42.792627,-5.635153
LA ROBLA GRUPO 2,18WROB2-12345-0B,42.792627,-5.635153
CENTRAL ERA NOVA GRUPO 1,,,
CENTRAL ERA NOVA GRUPO 2,,,
TORRECILLA III GRUPO 1,,,
TORRECILLA III GRUPO 2,,,
CACHINA,,,
SALTO DEL MARTEL 1,,,
SALTO DEL MARTEL 2,,,
SAN ROQUE GRUPO 1,18WSROQ1-1234-06,36.195639,-5.413628
SAN ROQUE GRUPO 2,18WSROQ2-1234-0Y,36.195639,-5.413628
CASTELLON,18WCTN3-12345-04,39.955685,0.002317
"BESOS, GRUPO 3",18WBES3-12345-0V,41.418465,2.228594
EL BATAN,,,
LAS GRAJAS 1,,,
LAS GRAJAS 2,,,
MOLINO DE SANTIAGO,,,
"CTCC CASTEJON, GRUPO 1",18WCTJON1-123-06,42.177914,-1.693547
"BESOS, GRUPO 4",18WBES4-12345-0L,41.418465,2.228594
C.H. MILLARES II GRUPO 1,,39.223433,-0.718373
C.H. MILLARES II GRUPO 2,,39.223433,-0.718373
ZIERBENA,18WBAHIAB-123-0X,43.359035,-3.09211
SNIACE,,43.360549,-4.059074
EL MORELL-PERAFORT,,41.190917,1.221364
"MARINA DE CUDEYO (COGENERACION 75,5)",,43.413366,-3.777822
REPSOL PUERTOLLANO,,38.673985,-4.053176
REPSOL PETROLEO TARRAGONA,,41.175514,1.225203
COMPLEJO INDUSTRIAL DE LA CORUNA,,43.347769,-8.452851
"CASTEJON, GRUPO A",18WCTJON2-123-0Z,42.177914,-1.693547
TARRAGONA  GRUPO 1,18WTARRAG-123-03,41.107411,1.191433
TRONCEDA 1,,,
TRONCEDA 2,,,
FERVENCIA,,,
PIAGO DE MARTUL,,,
BATAN-RIOBARBA,,,
CHAVIN,,,
GERDIZ,,,
POZO CAPITAN,,,
"SANTA MARIA DE GARONA, GRUPO 1",18WGAR1-12345-08,42.774247,-3.207318
TARRAGONA,18WTAPOWER-12-0V,41.110242,1.180547
"COGENERACION, PLANTA A",,43.250577,-2.967965
CAMPO DE GIBRALTAR GRUPO 10,18WCAMGI10-12-07,36.183459,-5.392914
CAMPO DE GIBRALTAR GRUPO 20,18WCAMGI20--1-0D,36.183459,-5.392914
"SANTURCE, GRUPO 4",18WSTC4-12345-0I,43.339096,-3.052938
ARCOS DE LA FRONTERA GRUPO 2,18WARCOS2-123-06,36.673002,-5.816132
PALOS DE LA FRONTERA GRUPO 1,18WPALOS1-123-0Z,37.183318,-6.886318
GE PLASTICS ESPANA,,37.70357,-1.099653
ARRUBAL GRUPO 2,18WARRU2-1234-0A,42.418942,-2.250145
ARRUBAL GRUPO 1,18WARRU1-1234-0J,42.418942,-2.250145
"COGENERACION, PLANTA B",,43.250577,-2.967965
ARCOS DE LA FRONTERA GRUPO 1,18WARCOS1-123-0E,36.673002,-5.816132
PALOS DE LA FRONTERA GRUPO 2,18WPALOS2-123-0R,37.183318,-6.886318
AMOREBIETA,18WAMBIETA-12-0S,43.234597,-2.749908
PALOS DE LA FRONTERA GRUPO 3,18WPALOS3-123-0J,37.183318,-6.886318
"ACECA, GRUPO 3",18WACE3-12345-00,39.943972,-3.854838
CARTAGENA GRUPO 2,18WCTGN2-1234-03,37.572744,-0.938408
CARTAGENA GRUPO 1,18WCTGN1-1234-0C,37.572744,-0.938408
ARCOS DE LA FRONTERA GRUPO 3,18WARCOS3-123-0Z,36.673002,-5.816132
ESCOMBRERAS GRUPO 1,18WESCCC1-123-0T,37.573129,-0.938909
ESCOMBRERAS GRUPO 2,18WESCCC2-123-0L,37.573129,-0.938909
ESCOMBRERAS GRUPO 3,18WESCCC3-123-0D,37.573129,-0.938909
CARTAGENA GRUPO 3,18WCTGN3-1234-0V,37.572744,-0.938408
CRISTOBAL COLON,18WCOL4-12345-02,37.216397,-6.943633
"ACECA, GRUPO 4",18WACE4-12345-0R,39.943972,-3.854838
DEL MOLINO,,,
RESSEC (ASERRADORA),,,
CICLO COMBINADO DE CASTELNOU,18WCTNU-12345-0U,41.216921,-0.294205
CTCC ESCOMBRERAS,18WESC6-12345-07,37.5647,-0.951324
CTCC PLANA DEL VENT 1,18WPVENT1--1234A,40.959398,0.869636
"CCC SAGUNTO, GRUPO 1",18WSAGU1-123--0J,39.642475,-0.233208
CTCC PLANA DEL VENT 2,18WPVENT2--12342,40.959398,0.869636
"CCC SAGUNTO, GRUPO 2",18WSAGU2-123--0A,39.642475,-0.233208
"CCC SAGUNTO, GRUPO 3",18WSAGU3-123--01,39.642475,-0.233208
"CTCC AS PONTES, GRUPO 5",18WPGR5-123456-J,43.444418,-7.864334
"CTCC SABON, GRUPO 3",18WSBO3-12345-01,43.329639,-8.501986
CTCC ESCATRON,18WECT2-123456-X,41.296437,-0.336406
ESCATRON,18WECT3-123456-N,41.296437,-0.336406
"CTCC CASTELLON, GRUPO 4",18WCTN4-123456-C,39.958846,-0.002194
"CASTEJON, GRUPO 2",,42.177914,-1.693547
MALA1 (CTCC MALAGA),18WMALA1-12345-L,36.748363,-4.562831
CTCC BAHIA DE ALGECIRAS,18WALG3-12345--K,36.182706,-5.38973
"CTCC SOTO DE RIBERA, GRUPO 4",18W18WSRI4--123V,43.316242,-5.876937
"PUERTO DE BARCELONA, GRUPO 1",18WPBCN1-12345-D,41.336825,2.158958
"PUERTO DE BARCELONA, GRUPO 2",18WPBCN2-12345-4,41.336825,2.158958
"CTCC SOTO DE RIBERA, GRUPO 5",18WSRI5-123456-L,43.316242,-5.876937
"BESOS, GRUPO 5",18WBES5-123456-T,41.418465,2.228594
UNIDAD COGENERACION II,,37.183712,-6.899463
CCC BAHIA DE ALGECIRAS,18WALG3-12345--K,36.182706,-5.38973
"San Esteban II, Grupo 1",,42.41433,-7.649695
CENTRAL PORTOCHAO,,,
CENTRAL DE PORTODIS,,,
La Muela II Grupo 7,18WMUEL-12345-03,39.243581,-0.931709
La Muela II Grupo 4,18WMUEL-12345-03,39.243581,-0.931709
La Muela II Grupo 5,18WMUEL-12345-03,39.243581,-0.931709
La Muela II Grupo 6,18WMUEL-12345-03,39.243581,-0.931709
Central de San Pedro II Grupo 1,,,
