{
    "version": "2017-07-03",
    "documentation": "https://github.com/Open-Power-System-Data/weather_data/blob/2017-07-03/main.ipynb",
    "keywords": [
        "Open Power System Data",
        "MERRA-2",
        "wind",
        "solar",
        "temperature",
        "density",
        "pressure"
    ],
    "resources": [
        {
            "encoding": "UTF-8",
            "format": "csv",
            "path": "weather_data_result_GER_2016.csv",
            "schema": {
                "fields": [
                    {
                        "type": "date-time",
                        "format": "YYYY-MM-DDTHH:MM:SSZ",
                        "name": "timestamp",
                        "description": "Start of timeperiod in Coordinated Universal Time"
                    },
                    {
                        "type": "number",
                        "format": "integer",
                        "name": "cumulated hours",
                        "description": "summarized number of hours for the timeperiod of the dataset"
                    },
                    {
                        "type": "geopoint",
                        "format": "lat",
                        "name": "lat",
                        "description": "Latitude coordinates"
                    },
                    {
                        "type": "geopoint",
                        "format": "lon",
                        "name": "lon",
                        "description": "Longitude coordinates"
                    },
                    {
                        "type": "number",
                        "format": "float",
                        "name": "v1",
                        "description": "wind speed 2 meters above displacement height"
                    },
                    {
                        "type": "number",
                        "format": "float",
                        "name": "v2",
                        "description": "wind speed 10 meters above displacement height"
                    },
                    {
                        "type": "number",
                        "format": "float",
                        "name": "v_50m",
                        "description": "wind speed 50 meters above ground"
                    },
                    {
                        "type": "number",
                        "format": "float",
                        "name": "h1",
                        "description": "height above groundd corresponding to v1"
                    },
                    {
                        "type": "number",
                        "format": "integer",
                        "name": "h2",
                        "description": "height above groundd corresponding to v2"
                    },
                    {
                        "type": "number",
                        "format": "integer",
                        "name": "z0",
                        "description": "roughness length"
                    },
                    {
                        "type": "number",
                        "format": "float",
                        "name": "SWTDN",
                        "description": "total top-of-the-atmosphere horizontal radiation"
                    },
                    {
                        "type": "number",
                        "format": "float",
                        "name": "SWGDN",
                        "description": "total ground horizontal radiation"
                    },
                    {
                        "type": "number",
                        "format": "float",
                        "name": "T",
                        "description": "Temperature 2 meters above displacement height"
                    },
                    {
                        "type": "number",
                        "format": "float",
                        "name": "rho",
                        "description": "air density at surface"
                    },
                    {
                        "type": "number",
                        "format": "float",
                        "name": "p",
                        "description": "air pressure at surface"
                    }
                ]
            }
        }
    ],
    "licenses": [
        {
            "type": "MIT license",
            "url": "http://www.opensource.org/licenses/MIT"
        }
    ],
    "geographical-scope": "Worldwide (German sample dataset for 2016)",
    "sources": [
        {
            "web": "https://gmao.gsfc.nasa.gov/reanalysis/MERRA-2/",
            "source": "National Aeronautics and Space Administration - Goddard Space Flight Center",
            "name": "MERRA-2"
        }
    ],
    "title": "Weather data",
    "contributors": [
        {
            "name": "Martin Jahn",
            "email": "martin.jahn@uni-flensburg.de"
        },
        {
            "name": "Jan Urbansky"
        }
    ],
    "long_description": "Weather data differ significantly from the other data types used resp.  provided by OPSD in that the sheer size of the data packages greatly  exceeds OPSD's capacity to host them in a similar way as feed-in  timeseries, power plant data etc. While the other data packages also offer a complete one-klick download of the bundled data packages with  all relevant data this is impossible for weather datasets like MERRA-2 due  to their size (variety of variables, very long timespan, huge geographical coverage etc.). It would make no sense to mirror the data from the NASA  servers. Instead we choose to provide a documented methodological script  (as a kind of tutorial). The method describes one way to automatically  obtain the desired weather data from the MERRA-2 database and simplifies  resp. unifies alternative manual data obtaining methods in a single  script. It is recommended to study the the \"Step-by-step user guide\" (developer use  case) on this platform to learn how to run the script. The data package contains a sample dataset for Germany and the year 2016",
    "last_changes": "included SQLite file",
    "description": "Script for the download of MERRA-2 weather data",
    "views": true,
    "name": "opsd-weather-data"
}